filename;size;regions;file_attributes;annotations_name;nbr_regions;no_type;path
0.jpg;70631;[{'shape_attributes': {'name': 'polygon', 'all_points_x': [274, 305, 348, 336, 279], 'all_points_y': [625, 632, 655, 682, 659]}, 'region_attributes': {'CLASS': 'F', 'type': 'F'}}, {'shape_attributes': {'name': 'polygon', 'all_points_x': [452, 473, 490, 495, 512, 500, 469, 450], 'all_points_y': [1143, 1147, 1166, 1201, 1216, 1223, 1210, 1158]}, 'region_attributes': {'CLASS': 'G', 'type': 'G'}}];{};via_region_data (14).json;2;False;datasets\KBF\ANNOTATED_IMAGES\0.jpg
1.jpg;65599;[{'shape_attributes': {'name': 'polygon', 'all_points_x': [302, 339, 379, 401, 368, 303, 301], 'all_points_y': [409, 419, 448, 473, 481, 450, 436]}, 'region_attributes': {'CLASS': 'F', 'type': 'F'}}];{};via_region_data (14).json;1;False;datasets\KBF\ANNOTATED_IMAGES\1.jpg
2.jpg;66715;[{'shape_attributes': {'name': 'polygon', 'all_points_x': [513, 525, 515, 504], 'all_points_y': [1170, 1192, 1203, 1176]}, 'region_attributes': {'CLASS': 'G', 'type': 'G'}}];{};via_region_data (14).json;1;False;datasets\KBF\ANNOTATED_IMAGES\2.jpg
3.jpg;63055;[{'shape_attributes': {'name': 'polygon', 'all_points_x': [515, 564, 584, 591, 500, 502], 'all_points_y': [1089, 1098, 1141, 1187, 1096, 1090]}, 'region_attributes': {'CLASS': 'F', 'type': 'F'}}];{};via_region_data (14).json;1;False;datasets\KBF\ANNOTATED_IMAGES\3.jpg
4.jpg;64799;[{'shape_attributes': {'name': 'polygon', 'all_points_x': [489, 509, 510, 549, 560, 549, 488, 433, 409, 467, 475], 'all_points_y': [1034, 1082, 1115, 1138, 1164, 1203, 1177, 1151, 1101, 1090, 1060]}, 'region_attributes': {'CLASS': 'G', 'type': 'G'}}];{};via_region_data (14).json;1;False;datasets\KBF\ANNOTATED_IMAGES\4.jpg
5.jpg;59226;[{'shape_attributes': {'name': 'polygon', 'all_points_x': [553, 601, 600, 585, 570, 614, 633, 595, 497, 455, 454, 527, 547], 'all_points_y': [935, 950, 1021, 1068, 1106, 1140, 1217, 1218, 1153, 1057, 992, 997, 955]}, 'region_attributes': {'CLASS': 'G', 'type': 'G'}}];{};via_region_data (14).json;1;False;datasets\KBF\ANNOTATED_IMAGES\5.jpg
6.jpg;66590;[{'shape_attributes': {'name': 'polygon', 'all_points_x': [525, 551, 565, 557, 487], 'all_points_y': [1125, 1162, 1188, 1235, 1158]}, 'region_attributes': {'CLASS': 'G', 'type': 'G'}}];{};via_region_data (14).json;1;False;datasets\KBF\ANNOTATED_IMAGES\6.jpg
7.jpg;68268;[{'shape_attributes': {'name': 'polygon', 'all_points_x': [538, 558, 563, 519, 525], 'all_points_y': [1084, 1125, 1173, 1140, 1095]}, 'region_attributes': {'CLASS': 'G', 'type': 'G'}}];{};via_region_data (14).json;1;False;datasets\KBF\ANNOTATED_IMAGES\7.jpg
8.jpg;63470;[{'shape_attributes': {'name': 'polygon', 'all_points_x': [309, 384, 433, 392, 343, 298], 'all_points_y': [599, 651, 753, 790, 680, 613]}, 'region_attributes': {'CLASS': 'G', 'type': 'G'}}, {'shape_attributes': {'name': 'polygon', 'all_points_x': [450, 485, 538, 588, 589, 552, 501, 450, 432, 455, 466, 436], 'all_points_y': [1042, 1041, 1069, 1053, 1120, 1155, 1182, 1173, 1130, 1134, 1114, 1048]}, 'region_attributes': {'CLASS': 'G', 'type': 'G'}}];{};via_region_data (14).json;2;False;datasets\KBF\ANNOTATED_IMAGES\8.jpg
9.jpg;62175;[{'shape_attributes': {'name': 'polygon', 'all_points_x': [475, 498, 529, 552, 566, 587, 582, 574, 571, 615, 589, 517, 486, 480, 469], 'all_points_y': [1012, 1001, 1016, 1018, 977, 1030, 1084, 1146, 1173, 1236, 1247, 1194, 1092, 1048, 1020]}, 'region_attributes': {'CLASS': 'G', 'type': 'G'}}];{};via_region_data (14).json;1;False;datasets\KBF\ANNOTATED_IMAGES\9.jpg
10.jpg;58512;[{'shape_attributes': {'name': 'polygon', 'all_points_x': [372, 412, 409, 375], 'all_points_y': [550, 562, 590, 585]}, 'region_attributes': {'CLASS': 'G', 'type': 'G'}}, {'shape_attributes': {'name': 'polygon', 'all_points_x': [568, 574, 567, 542, 536, 547], 'all_points_y': [1185, 1210, 1231, 1240, 1216, 1193]}, 'region_attributes': {'CLASS': 'G', 'type': 'G'}}];{};via_region_data (14).json;2;False;datasets\KBF\ANNOTATED_IMAGES\10.jpg
11.jpg;58102;[{'shape_attributes': {'name': 'polygon', 'all_points_x': [616, 630, 645, 666, 674, 697, 708, 675, 598, 513, 465, 519, 572, 595, 602, 619], 'all_points_y': [1013, 1048, 1161, 1166, 1189, 1207, 1246, 1251, 1224, 1190, 1107, 1106, 1082, 1074, 981, 984]}, 'region_attributes': {'CLASS': 'GF', 'type': 'GF'}}];{};via_region_data (14).json;1;False;datasets\KBF\ANNOTATED_IMAGES\11.jpg
12.jpg;62069;[{'shape_attributes': {'name': 'polygon', 'all_points_x': [314, 350, 310, 306], 'all_points_y': [600, 651, 642, 618]}, 'region_attributes': {'CLASS': 'G', 'type': 'G'}}, {'shape_attributes': {'name': 'polygon', 'all_points_x': [481, 518, 549, 579, 617, 610, 597, 566, 531, 424, 367, 407, 455], 'all_points_y': [927, 942, 991, 1091, 1155, 1189, 1220, 1216, 1179, 1074, 989, 980, 974]}, 'region_attributes': {'CLASS': 'GF', 'type': 'GF'}}];{};via_region_data (14).json;2;False;datasets\KBF\ANNOTATED_IMAGES\12.jpg
13.jpg;65203;[{'shape_attributes': {'name': 'polygon', 'all_points_x': [523, 540, 521, 511], 'all_points_y': [1120, 1142, 1144, 1123]}, 'region_attributes': {'CLASS': 'G', 'type': 'G'}}];{};via_region_data (14).json;1;False;datasets\KBF\ANNOTATED_IMAGES\13.jpg
14.jpg;60766;[{'shape_attributes': {'name': 'polygon', 'all_points_x': [553, 572, 574, 540, 522], 'all_points_y': [1108, 1130, 1153, 1158, 1113]}, 'region_attributes': {'CLASS': 'G', 'type': 'G'}}];{};via_region_data (14).json;1;False;datasets\KBF\ANNOTATED_IMAGES\14.jpg
15.jpg;64696;[{'shape_attributes': {'name': 'polygon', 'all_points_x': [272, 289, 321, 323, 286, 249], 'all_points_y': [402, 456, 489, 576, 576, 417]}, 'region_attributes': {'CLASS': 'G', 'type': 'G'}}, {'shape_attributes': {'name': 'polygon', 'all_points_x': [466, 481, 493, 550, 573, 495, 423], 'all_points_y': [972, 993, 1031, 1073, 1122, 1099, 1066]}, 'region_attributes': {'CLASS': 'G', 'type': 'G'}}];{};via_region_data (14).json;2;False;datasets\KBF\ANNOTATED_IMAGES\15.jpg
16.jpg;62683;[{'shape_attributes': {'name': 'polygon', 'all_points_x': [507, 539, 550, 524, 522, 489, 452, 420, 436, 467, 492], 'all_points_y': [1020, 1053, 1074, 1133, 1168, 1182, 1149, 1087, 1035, 1047, 1047]}, 'region_attributes': {'CLASS': 'G', 'type': 'G'}}];{};via_region_data (14).json;1;False;datasets\KBF\ANNOTATED_IMAGES\16.jpg
17.jpg;60258;[{'shape_attributes': {'name': 'polygon', 'all_points_x': [468, 508, 516, 486, 400, 376], 'all_points_y': [1041, 1053, 1094, 1135, 1134, 1052]}, 'region_attributes': {'CLASS': 'F', 'type': 'F'}}];{};via_region_data (14).json;1;False;datasets\KBF\ANNOTATED_IMAGES\17.jpg
18.jpg;57573;[{'shape_attributes': {'name': 'polygon', 'all_points_x': [603, 622, 621, 628, 641, 631, 603, 585, 523, 486, 565], 'all_points_y': [1044, 1106, 1167, 1199, 1225, 1268, 1274, 1243, 1201, 1060, 1066]}, 'region_attributes': {'CLASS': 'G', 'type': 'G'}}];{};via_region_data (14).json;1;False;datasets\KBF\ANNOTATED_IMAGES\18.jpg
19.jpg;68472;[{'shape_attributes': {'name': 'polygon', 'all_points_x': [425, 502, 518, 427], 'all_points_y': [1125, 1100, 1147, 1155]}, 'region_attributes': {'CLASS': 'F', 'type': 'F'}}];{};via_region_data (14).json;1;False;datasets\KBF\ANNOTATED_IMAGES\19.jpg
20.jpg;52690;[{'shape_attributes': {'name': 'polygon', 'all_points_x': [468, 514, 548, 524, 484, 456], 'all_points_y': [480, 524, 649, 722, 571, 482]}, 'region_attributes': {'CLASS': 'G', 'type': 'G'}}, {'shape_attributes': {'name': 'polygon', 'all_points_x': [574, 616, 656, 650, 585], 'all_points_y': [949, 931, 948, 976, 990]}, 'region_attributes': {'CLASS': 'F', 'type': 'F'}}, {'shape_attributes': {'name': 'polygon', 'all_points_x': [709, 741, 758, 721, 703, 673], 'all_points_y': [1111, 1139, 1200, 1201, 1181, 1150]}, 'region_attributes': {'CLASS': 'G', 'type': 'G'}}];{};via_region_data (14).json;3;False;datasets\KBF\ANNOTATED_IMAGES\20.jpg
21.jpg;58257;[{'shape_attributes': {'name': 'polygon', 'all_points_x': [280, 354, 379, 341, 287], 'all_points_y': [466, 497, 516, 522, 515]}, 'region_attributes': {'CLASS': 'F', 'type': 'F'}}];{};via_region_data (14).json;1;False;datasets\KBF\ANNOTATED_IMAGES\21.jpg
22.jpg;62940;[{'shape_attributes': {'name': 'polygon', 'all_points_x': [596, 616, 626, 630, 643, 630, 594, 544, 485, 496, 553, 566, 574], 'all_points_y': [1009, 1042, 1116, 1161, 1193, 1243, 1210, 1150, 1078, 1039, 1056, 1043, 1020]}, 'region_attributes': {'CLASS': 'G', 'type': 'G'}}];{};via_region_data (14).json;1;False;datasets\KBF\ANNOTATED_IMAGES\22.jpg
23.jpg;64565;[{'shape_attributes': {'name': 'polygon', 'all_points_x': [528, 540, 567, 575, 577, 597, 596, 586, 539, 509, 486, 519, 459, 423, 429, 475, 508], 'all_points_y': [1020, 990, 992, 1060, 1116, 1145, 1206, 1232, 1233, 1216, 1189, 1179, 1147, 1081, 1009, 1003, 1020]}, 'region_attributes': {'CLASS': 'GF', 'type': 'GF'}}];{};via_region_data (14).json;1;False;datasets\KBF\ANNOTATED_IMAGES\23.jpg
24.jpg;69119;[{'shape_attributes': {'name': 'polygon', 'all_points_x': [477, 502, 513, 510, 500, 464, 442, 460, 460, 435], 'all_points_y': [1074, 1093, 1115, 1149, 1184, 1202, 1196, 1159, 1137, 1126]}, 'region_attributes': {'CLASS': 'G', 'type': 'G'}}];{};via_region_data (14).json;1;False;datasets\KBF\ANNOTATED_IMAGES\24.jpg
25.jpg;60141;[{'shape_attributes': {'name': 'polygon', 'all_points_x': [363, 397, 409, 376, 353], 'all_points_y': [575, 596, 611, 611, 603]}, 'region_attributes': {'CLASS': 'F', 'type': 'F'}}, {'shape_attributes': {'name': 'polygon', 'all_points_x': [446, 475, 522, 555, 579, 556, 491, 438], 'all_points_y': [1017, 989, 993, 980, 1025, 1079, 1093, 1090]}, 'region_attributes': {'CLASS': 'G', 'type': 'G'}}];{};via_region_data (14).json;2;False;datasets\KBF\ANNOTATED_IMAGES\25.jpg
26.jpg;61863;[{'shape_attributes': {'name': 'polygon', 'all_points_x': [416, 466, 524, 575, 630, 641, 603, 573, 545, 523, 510, 512, 516, 540, 568, 598, 611, 549, 413, 372, 326, 294, 284, 303, 333, 362, 384], 'all_points_y': [436, 423, 392, 340, 351, 401, 467, 565, 664, 754, 858, 913, 995, 1111, 1185, 1246, 1278, 1259, 1085, 984, 733, 550, 437, 369, 362, 378, 419]}, 'region_attributes': {'CLASS': 'R', 'type': 'R'}}];{};via_region_data (14).json;1;False;datasets\KBF\ANNOTATED_IMAGES\26.jpg
27.jpg;56034;[{'shape_attributes': {'name': 'polygon', 'all_points_x': [452, 463, 482, 514, 570, 618, 656, 679, 670, 645, 586, 561, 549, 547, 554, 567, 602, 639, 668, 648, 530, 446, 373, 346, 364, 388, 416, 445], 'all_points_y': [411, 457, 473, 478, 457, 427, 430, 467, 511, 561, 708, 811, 884, 981, 1048, 1112, 1203, 1250, 1289, 1292, 1216, 1077, 875, 640, 481, 407, 381, 388]}, 'region_attributes': {'CLASS': 'R', 'type': 'R'}}];{};via_region_data (14).json;1;False;datasets\KBF\ANNOTATED_IMAGES\27.jpg
28.jpg;67356;[{'shape_attributes': {'name': 'polygon', 'all_points_x': [512, 538, 529, 533, 521, 533, 540, 499, 404, 384, 428, 456], 'all_points_y': [976, 1009, 1065, 1116, 1143, 1185, 1212, 1199, 1066, 995, 985, 989]}, 'region_attributes': {'CLASS': 'G', 'type': 'G'}}];{};via_region_data (14).json;1;False;datasets\KBF\ANNOTATED_IMAGES\28.jpg
29.jpg;64873;[{'shape_attributes': {'name': 'polygon', 'all_points_x': [476, 491, 475, 454, 457], 'all_points_y': [992, 1033, 1062, 1047, 983]}, 'region_attributes': {'CLASS': 'G', 'type': 'G'}}, {'shape_attributes': {'name': 'polygon', 'all_points_x': [504, 524, 544, 561, 551, 543, 510, 458, 428], 'all_points_y': [1092, 1095, 1128, 1164, 1190, 1211, 1179, 1175, 1145]}, 'region_attributes': {'CLASS': 'GF', 'type': 'GF'}}];{};via_region_data (14).json;2;False;datasets\KBF\ANNOTATED_IMAGES\29.jpg
30.jpg;70705;[{'shape_attributes': {'name': 'polygon', 'all_points_x': [455, 491, 502, 502, 490, 456, 464, 391, 325, 333, 383, 422], 'all_points_y': [940, 985, 1021, 1050, 1089, 1125, 1217, 1165, 1037, 972, 969, 987]}, 'region_attributes': {'CLASS': 'G', 'type': 'G'}}];{};via_region_data (14).json;1;False;datasets\KBF\ANNOTATED_IMAGES\30.jpg
31.jpg;56182;[{'shape_attributes': {'name': 'polygon', 'all_points_x': [375, 401, 444, 486, 538, 590, 623, 670, 677, 644, 618, 596, 574, 571, 572, 591, 609, 635, 647, 644, 632, 552, 470, 412, 373, 331, 328, 349], 'all_points_y': [392, 418, 437, 433, 419, 371, 336, 356, 395, 468, 541, 659, 776, 882, 965, 1071, 1122, 1186, 1226, 1274, 1282, 1188, 1050, 913, 707, 556, 411, 380]}, 'region_attributes': {'CLASS': 'R', 'type': 'R'}}];{};via_region_data (14).json;1;False;datasets\KBF\ANNOTATED_IMAGES\31.jpg
32.jpg;66551;[{'shape_attributes': {'name': 'polygon', 'all_points_x': [259, 307, 357, 400, 373, 273, 252], 'all_points_y': [576, 591, 629, 667, 666, 601, 597]}, 'region_attributes': {'CLASS': 'G', 'type': 'G'}}, {'shape_attributes': {'name': 'polygon', 'all_points_x': [398, 369, 373, 401, 413], 'all_points_y': [979, 968, 1009, 1024, 1005]}, 'region_attributes': {'CLASS': 'G', 'type': 'G'}}, {'shape_attributes': {'name': 'polygon', 'all_points_x': [369, 397, 416, 435, 457, 488, 486, 468, 460, 461, 493, 489, 434, 372, 357], 'all_points_y': [1052, 1046, 1065, 1095, 1086, 1074, 1126, 1157, 1192, 1214, 1237, 1261, 1240, 1187, 1101]}, 'region_attributes': {'CLASS': 'G', 'type': 'G'}}];{};via_region_data (14).json;3;False;datasets\KBF\ANNOTATED_IMAGES\32.jpg
33.jpg;68263;[{'shape_attributes': {'name': 'polygon', 'all_points_x': [238, 267, 307, 370, 381, 315, 244], 'all_points_y': [477, 468, 533, 610, 648, 593, 502]}, 'region_attributes': {'CLASS': 'G', 'type': 'G'}}, {'shape_attributes': {'name': 'polygon', 'all_points_x': [385, 417, 453, 463, 447, 393, 372], 'all_points_y': [1158, 1135, 1178, 1225, 1263, 1206, 1185]}, 'region_attributes': {'CLASS': 'G', 'type': 'G'}}];{};via_region_data (14).json;2;False;datasets\KBF\ANNOTATED_IMAGES\33.jpg
34.jpg;67938;[{'shape_attributes': {'name': 'polygon', 'all_points_x': [470, 479, 503, 510, 512, 522, 527, 517, 502, 492, 477, 448, 427, 419, 452, 458], 'all_points_y': [1157, 1164, 1165, 1187, 1223, 1241, 1264, 1286, 1291, 1283, 1237, 1234, 1208, 1184, 1175, 1165]}, 'region_attributes': {'CLASS': 'G', 'type': 'G'}}];{};via_region_data (14).json;1;False;datasets\KBF\ANNOTATED_IMAGES\34.jpg
35.jpg;57676;[{'shape_attributes': {'name': 'polygon', 'all_points_x': [588, 603, 621, 622, 607, 602, 590, 543, 515, 536, 542, 529, 500, 481, 544], 'all_points_y': [997, 1042, 1083, 1110, 1129, 1155, 1179, 1193, 1181, 1155, 1139, 1106, 1066, 1034, 1014]}, 'region_attributes': {'CLASS': 'G', 'type': 'G'}}];{};via_region_data (14).json;1;False;datasets\KBF\ANNOTATED_IMAGES\35.jpg
36.jpg;53956;[{'shape_attributes': {'name': 'polygon', 'all_points_x': [553, 562, 569, 581, 594, 604, 611, 583, 556, 560, 543, 504, 479, 496, 525, 537], 'all_points_y': [1015, 1032, 1056, 1064, 1069, 1096, 1124, 1152, 1160, 1113, 1125, 1113, 1082, 1060, 1046, 1035]}, 'region_attributes': {'CLASS': 'G', 'type': 'G'}}];{};via_region_data (14).json;1;False;datasets\KBF\ANNOTATED_IMAGES\36.jpg
37.jpg;57741;[{'shape_attributes': {'name': 'polygon', 'all_points_x': [575, 593, 603, 593, 588, 599, 618, 616, 599, 586, 534, 504, 494, 472, 460, 463, 504, 552], 'all_points_y': [903, 941, 984, 1028, 1076, 1110, 1150, 1172, 1215, 1178, 1144, 1092, 1083, 1085, 1066, 1006, 979, 959]}, 'region_attributes': {'CLASS': 'G', 'type': 'G'}}];{};via_region_data (14).json;1;False;datasets\KBF\ANNOTATED_IMAGES\37.jpg
38.jpg;71088;[{'shape_attributes': {'name': 'polygon', 'all_points_x': [226, 258, 264, 240, 218], 'all_points_y': [616, 631, 645, 644, 631]}, 'region_attributes': {'CLASS': 'G', 'type': 'G'}}, {'shape_attributes': {'name': 'polygon', 'all_points_x': [409, 416, 438, 437, 427, 437, 433, 410, 376, 373, 394, 354, 319, 327, 375, 379], 'all_points_y': [983, 1024, 1048, 1080, 1098, 1132, 1152, 1168, 1169, 1156, 1135, 1109, 1068, 1053, 1042, 986]}, 'region_attributes': {'CLASS': 'G', 'type': 'G'}}];{};via_region_data (14).json;2;False;datasets\KBF\ANNOTATED_IMAGES\38.jpg
39.jpg;46393;[{'shape_attributes': {'name': 'polygon', 'all_points_x': [393, 429, 455, 485, 467, 429, 429, 414, 407, 410, 395, 389], 'all_points_y': [377, 388, 405, 458, 494, 487, 549, 598, 597, 468, 429, 395]}, 'region_attributes': {'CLASS': 'G', 'type': 'G'}}, {'shape_attributes': {'name': 'polygon', 'all_points_x': [583, 593, 606, 626, 625, 620, 589, 579, 519, 549, 564], 'all_points_y': [1021, 1037, 1055, 1076, 1102, 1118, 1124, 1088, 1067, 1040, 1031]}, 'region_attributes': {'CLASS': 'G', 'type': 'G'}}];{};via_region_data (14).json;2;False;datasets\KBF\ANNOTATED_IMAGES\39.jpg
40.jpg;51645;[{'shape_attributes': {'name': 'polygon', 'all_points_x': [445, 471, 493, 525, 554, 554, 556, 575, 602, 605, 598, 579, 561, 537, 515, 500, 480, 474, 448, 434], 'all_points_y': [970, 970, 984, 987, 991, 1033, 1052, 1066, 1092, 1102, 1125, 1137, 1118, 1097, 1098, 1091, 1072, 1025, 997, 972]}, 'region_attributes': {'CLASS': 'G', 'type': 'G'}}];{};via_region_data (14).json;1;False;datasets\KBF\ANNOTATED_IMAGES\40.jpg
41.jpg;62087;[{'shape_attributes': {'name': 'polygon', 'all_points_x': [367, 390, 426, 458, 446, 371], 'all_points_y': [590, 568, 611, 673, 678, 611]}, 'region_attributes': {'CLASS': 'G', 'type': 'G'}}, {'shape_attributes': {'name': 'polygon', 'all_points_x': [545, 547, 530, 561, 578, 575], 'all_points_y': [1194, 1202, 1220, 1222, 1197, 1186]}, 'region_attributes': {'CLASS': 'G', 'type': 'G'}}, {'shape_attributes': {'name': 'polygon', 'all_points_x': [469, 512, 571, 572, 582, 576, 571], 'all_points_y': [1010, 994, 943, 964, 990, 1023, 1038]}, 'region_attributes': {'CLASS': 'G', 'type': 'G'}}];{};via_region_data (14).json;3;False;datasets\KBF\ANNOTATED_IMAGES\41.jpg
42.jpg;63103;[{'shape_attributes': {'name': 'polygon', 'all_points_x': [385, 430, 452, 482, 529, 555, 548, 445, 395], 'all_points_y': [513, 505, 555, 596, 645, 667, 688, 604, 542]}, 'region_attributes': {'CLASS': 'G', 'type': 'G'}}, {'shape_attributes': {'name': 'polygon', 'all_points_x': [431, 458, 486, 512, 503, 471, 459, 444, 446, 421], 'all_points_y': [774, 789, 817, 847, 869, 854, 889, 883, 832, 794]}, 'region_attributes': {'CLASS': 'G', 'type': 'G'}}, {'shape_attributes': {'name': 'polygon', 'all_points_x': [444, 471, 487, 513, 543, 558, 574, 608, 604, 594, 563, 560, 541, 502, 501, 506, 528, 491, 463, 442, 436, 413, 425], 'all_points_y': [973, 990, 985, 990, 991, 931, 879, 898, 948, 987, 1038, 1066, 1082, 1080, 1099, 1114, 1142, 1145, 1118, 1081, 1032, 983, 972]}, 'region_attributes': {'CLASS': 'G', 'type': 'G'}}];{};via_region_data (14).json;3;False;datasets\KBF\ANNOTATED_IMAGES\42.jpg
43.jpg;48949;[{'shape_attributes': {'name': 'polygon', 'all_points_x': [492, 517, 539, 560, 578, 585, 593, 604, 604, 565, 528, 531], 'all_points_y': [1059, 1055, 1058, 1039, 1027, 1061, 1106, 1131, 1142, 1137, 1130, 1099]}, 'region_attributes': {'CLASS': 'G', 'type': 'G'}}];{};via_region_data (14).json;1;False;datasets\KBF\ANNOTATED_IMAGES\43.jpg
44.jpg;75897;[{'shape_attributes': {'name': 'polygon', 'all_points_x': [388, 422, 451, 495, 493, 479, 473, 464, 451, 432, 426, 420, 430, 443, 448, 482, 499, 473, 403, 350, 299, 268, 217, 197, 198, 210, 235, 260, 307, 352], 'all_points_y': [418, 397, 367, 367, 400, 461, 480, 584, 680, 813, 932, 996, 1075, 1157, 1194, 1244, 1281, 1281, 1202, 1063, 905, 740, 610, 478, 434, 386, 392, 422, 442, 434]}, 'region_attributes': {'CLASS': 'R', 'type': 'R'}}];{};via_region_data (14).json;1;False;datasets\KBF\ANNOTATED_IMAGES\44.jpg
45.jpg;63490;[{'shape_attributes': {'name': 'polygon', 'all_points_x': [457, 510, 557, 567, 564, 468], 'all_points_y': [1031, 1012, 994, 1022, 1039, 1067]}, 'region_attributes': {'CLASS': 'G', 'type': 'G'}}, {'shape_attributes': {'name': 'polygon', 'all_points_x': [570, 579, 589, 601, 601, 589, 567, 560, 562, 532, 496], 'all_points_y': [1123, 1146, 1176, 1190, 1214, 1235, 1253, 1237, 1221, 1200, 1151]}, 'region_attributes': {'CLASS': 'G', 'type': 'G'}}];{};via_region_data (14).json;2;False;datasets\KBF\ANNOTATED_IMAGES\45.jpg
46.jpg;61171;[{'shape_attributes': {'name': 'polygon', 'all_points_x': [575, 581, 584, 572, 577, 599, 610, 597, 590, 580, 546, 543, 539, 509, 501, 514, 548, 547, 553, 560], 'all_points_y': [1019, 1050, 1072, 1133, 1160, 1172, 1203, 1235, 1242, 1277, 1271, 1260, 1232, 1200, 1178, 1167, 1182, 1141, 1057, 1019]}, 'region_attributes': {'CLASS': 'G', 'type': 'G'}}];{};via_region_data (14).json;1;False;datasets\KBF\ANNOTATED_IMAGES\46.jpg
47.jpg;58796;[{'shape_attributes': {'name': 'polygon', 'all_points_x': [603, 624, 644, 636, 630, 586, 591, 591], 'all_points_y': [997, 1016, 1068, 1083, 1116, 1108, 1071, 1002]}, 'region_attributes': {'CLASS': 'G', 'type': 'G'}}];{};via_region_data (14).json;1;False;datasets\KBF\ANNOTATED_IMAGES\47.jpg
48.jpg;49060;[{'shape_attributes': {'name': 'polygon', 'all_points_x': [592, 608, 620, 621, 639, 649, 650, 657, 658, 648, 636, 627, 588, 542, 499, 502, 540, 568], 'all_points_y': [909, 928, 956, 993, 1008, 1031, 1055, 1070, 1098, 1119, 1119, 1094, 1067, 1022, 991, 969, 950, 937]}, 'region_attributes': {'CLASS': 'G', 'type': 'G'}}];{};via_region_data (14).json;1;False;datasets\KBF\ANNOTATED_IMAGES\48.jpg
49.jpg;63917;[{'shape_attributes': {'name': 'polygon', 'all_points_x': [543, 561, 568, 553, 539, 535], 'all_points_y': [1055, 1063, 1077, 1089, 1083, 1071]}, 'region_attributes': {'CLASS': 'G', 'type': 'G'}}];{};via_region_data (14).json;1;False;datasets\KBF\ANNOTATED_IMAGES\49.jpg
50.jpg;61468;[{'shape_attributes': {'name': 'polygon', 'all_points_x': [620, 628, 636, 640, 670, 675, 676, 692, 693, 690, 670, 667, 636, 611, 576, 546, 582, 604, 608], 'all_points_y': [1073, 1088, 1097, 1126, 1128, 1141, 1154, 1175, 1196, 1210, 1215, 1195, 1194, 1190, 1157, 1121, 1115, 1096, 1078]}, 'region_attributes': {'CLASS': 'G', 'type': 'G'}}];{};via_region_data (14).json;1;False;datasets\KBF\ANNOTATED_IMAGES\50.jpg
51.jpg;64425;[{'shape_attributes': {'name': 'polygon', 'all_points_x': [448, 478, 541, 589, 636, 678, 675, 629, 603, 573, 552, 535, 513, 506, 506, 514, 525, 543, 576, 546, 464, 423, 370, 346, 343, 341, 349, 360, 375, 421], 'all_points_y': [407, 415, 402, 366, 354, 381, 434, 461, 537, 634, 709, 777, 861, 932, 1018, 1109, 1168, 1216, 1262, 1263, 1171, 1081, 900, 723, 551, 448, 361, 338, 336, 385]}, 'region_attributes': {'CLASS': 'R', 'type': 'R'}}];{};via_region_data (14).json;1;False;datasets\KBF\ANNOTATED_IMAGES\51.jpg
52.jpg;72037;[{'shape_attributes': {'name': 'polygon', 'all_points_x': [466, 487, 493, 487, 489, 506, 507, 481, 469, 423, 383, 375, 406, 442], 'all_points_y': [1055, 1073, 1090, 1114, 1140, 1188, 1236, 1242, 1214, 1185, 1126, 1083, 1073, 1072]}, 'region_attributes': {'CLASS': 'G', 'type': 'G'}}];{};via_region_data (14).json;1;False;datasets\KBF\ANNOTATED_IMAGES\52.jpg
53.jpg;67635;[{'shape_attributes': {'name': 'polygon', 'all_points_x': [533, 543, 542, 527], 'all_points_y': [1109, 1117, 1132, 1118]}, 'region_attributes': {'CLASS': 'G', 'type': 'G'}}];{};via_region_data (14).json;1;False;datasets\KBF\ANNOTATED_IMAGES\53.jpg
54.jpg;47869;[{'shape_attributes': {'name': 'polygon', 'all_points_x': [591, 598, 615, 590, 582], 'all_points_y': [963, 979, 997, 997, 969]}, 'region_attributes': {'CLASS': 'G', 'type': 'G'}}, {'shape_attributes': {'name': 'polygon', 'all_points_x': [656, 658, 649, 633, 600, 587, 607, 613, 605, 605, 639], 'all_points_y': [1088, 1109, 1130, 1147, 1148, 1140, 1130, 1117, 1112, 1098, 1089]}, 'region_attributes': {'CLASS': 'G', 'type': 'G'}}, {'shape_attributes': {'name': 'polygon', 'all_points_x': [508, 529, 530, 524, 514], 'all_points_y': [988, 986, 1000, 1014, 1001]}, 'region_attributes': {'CLASS': 'G', 'type': 'G'}}];{};via_region_data (14).json;3;False;datasets\KBF\ANNOTATED_IMAGES\54.jpg
55.jpg;53791;[{'shape_attributes': {'name': 'polygon', 'all_points_x': [405, 420, 437, 434, 414], 'all_points_y': [349, 341, 354, 368, 368]}, 'region_attributes': {'CLASS': 'G', 'type': 'G'}}, {'shape_attributes': {'name': 'polygon', 'all_points_x': [519, 539, 571, 590, 631, 644, 659, 664, 637, 633, 633, 633, 621, 618, 622, 606, 593, 583, 569, 587, 565, 553, 538, 550, 518], 'all_points_y': [999, 991, 1000, 1017, 1018, 1027, 1068, 1097, 1130, 1136, 1155, 1174, 1196, 1201, 1222, 1231, 1219, 1174, 1157, 1135, 1085, 1068, 1045, 1037, 1016]}, 'region_attributes': {'CLASS': 'G', 'type': 'G'}}];{};via_region_data (14).json;2;False;datasets\KBF\ANNOTATED_IMAGES\55.jpg
56.jpg;62585;[{'shape_attributes': {'name': 'polygon', 'all_points_x': [358, 369, 348, 320, 326, 339], 'all_points_y': [672, 623, 524, 516, 627, 656]}, 'region_attributes': {'CLASS': 'F', 'type': 'F'}}, {'shape_attributes': {'name': 'polygon', 'all_points_x': [526, 541, 543, 515, 519, 512, 516, 523, 509, 474, 455, 451, 434, 436, 477], 'all_points_y': [1075, 1110, 1133, 1165, 1176, 1193, 1204, 1223, 1227, 1209, 1174, 1161, 1114, 1083, 1082]}, 'region_attributes': {'CLASS': 'G', 'type': 'G'}}];{};via_region_data (14).json;2;False;datasets\KBF\ANNOTATED_IMAGES\56.jpg
57.jpg;60956;[{'shape_attributes': {'name': 'polygon', 'all_points_x': [395, 413, 444, 495, 511, 506, 506, 522, 501, 486, 470, 466, 449, 410, 390], 'all_points_y': [1019, 1019, 1020, 987, 1022, 1064, 1077, 1119, 1163, 1182, 1175, 1139, 1117, 1061, 1039]}, 'region_attributes': {'CLASS': 'GF', 'type': 'GF'}}];{};via_region_data (14).json;1;False;datasets\KBF\ANNOTATED_IMAGES\57.jpg
58.jpg;65894;[{'shape_attributes': {'name': 'polygon', 'all_points_x': [561, 574, 573, 552, 550, 557, 551, 523, 511, 508, 479, 455, 449, 458, 464, 453, 456, 486, 520, 546], 'all_points_y': [998, 1031, 1066, 1112, 1127, 1149, 1175, 1196, 1181, 1154, 1132, 1111, 1082, 1053, 1031, 1012, 989, 988, 1016, 994]}, 'region_attributes': {'CLASS': 'G', 'type': 'G'}}];{};via_region_data (14).json;1;False;datasets\KBF\ANNOTATED_IMAGES\58.jpg
59.jpg;54757;[{'shape_attributes': {'name': 'polygon', 'all_points_x': [332, 352, 369, 402, 384, 340], 'all_points_y': [584, 584, 603, 623, 628, 614]}, 'region_attributes': {'CLASS': 'G', 'type': 'G'}}, {'shape_attributes': {'name': 'polygon', 'all_points_x': [354, 376, 383, 361], 'all_points_y': [679, 672, 700, 708]}, 'region_attributes': {'CLASS': 'G', 'type': 'G'}}, {'shape_attributes': {'name': 'polygon', 'all_points_x': [513, 530, 546, 570, 580, 600, 611, 604, 593, 586, 570, 549, 545, 551, 544, 516, 492, 450, 439, 483], 'all_points_y': [1071, 1055, 1035, 1053, 1060, 1079, 1094, 1139, 1183, 1190, 1204, 1211, 1194, 1160, 1167, 1167, 1150, 1105, 1080, 1070]}, 'region_attributes': {'CLASS': 'G', 'type': 'G'}}];{};via_region_data (14).json;3;False;datasets\KBF\ANNOTATED_IMAGES\59.jpg
60.jpg;63239;[{'shape_attributes': {'name': 'polygon', 'all_points_x': [486, 494, 506, 507, 496, 493, 507, 506, 511, 523, 517, 512, 502, 487, 482, 465, 440, 426, 397, 398, 429, 464], 'all_points_y': [949, 963, 985, 1002, 1041, 1062, 1062, 1081, 1094, 1121, 1154, 1167, 1179, 1167, 1133, 1117, 1078, 1046, 1004, 987, 966, 968]}, 'region_attributes': {'CLASS': 'G', 'type': 'G'}}];{};via_region_data (14).json;1;False;datasets\KBF\ANNOTATED_IMAGES\60.jpg
61.jpg;62858;[{'shape_attributes': {'name': 'polygon', 'all_points_x': [433, 430, 420, 374, 355, 361, 418], 'all_points_y': [323, 299, 289, 288, 305, 342, 337]}, 'region_attributes': {'CLASS': 'G', 'type': 'G'}}, {'shape_attributes': {'name': 'polygon', 'all_points_x': [570, 578, 585, 561, 556], 'all_points_y': [919, 939, 951, 989, 927]}, 'region_attributes': {'CLASS': 'G', 'type': 'G'}}, {'shape_attributes': {'name': 'polygon', 'all_points_x': [600, 605, 615, 626, 630, 620, 600, 585, 560, 550, 578], 'all_points_y': [1108, 1121, 1130, 1159, 1177, 1189, 1204, 1159, 1158, 1137, 1114]}, 'region_attributes': {'CLASS': 'G', 'type': 'G'}}];{};via_region_data (14).json;3;False;datasets\KBF\ANNOTATED_IMAGES\61.jpg
62.jpg;68415;[{'shape_attributes': {'name': 'polygon', 'all_points_x': [533, 537, 533, 523, 507, 504], 'all_points_y': [1181, 1196, 1211, 1231, 1207, 1191]}, 'region_attributes': {'CLASS': 'G', 'type': 'G'}}];{};via_region_data (14).json;1;False;datasets\KBF\ANNOTATED_IMAGES\62.jpg
63.jpg;62262;[{'shape_attributes': {'name': 'polygon', 'all_points_x': [560, 572, 570, 552], 'all_points_y': [1042, 1075, 1136, 1084]}, 'region_attributes': {'CLASS': 'G', 'type': 'G'}}];{};via_region_data (14).json;1;False;datasets\KBF\ANNOTATED_IMAGES\63.jpg
64.jpg;55122;[{'shape_attributes': {'name': 'polygon', 'all_points_x': [591, 607, 614, 629, 642, 638, 631, 636, 637, 651, 662, 639, 597, 581, 560, 547, 527, 519, 508, 565], 'all_points_y': [1022, 1040, 1067, 1094, 1115, 1134, 1162, 1179, 1194, 1204, 1224, 1237, 1212, 1185, 1174, 1157, 1140, 1094, 1075, 1072]}, 'region_attributes': {'CLASS': 'G', 'type': 'G'}}];{};via_region_data (14).json;1;False;datasets\KBF\ANNOTATED_IMAGES\64.jpg
65.jpg;60407;[{'shape_attributes': {'name': 'polygon', 'all_points_x': [307, 336, 336, 310], 'all_points_y': [700, 719, 743, 736]}, 'region_attributes': {'CLASS': 'G', 'type': 'G'}}, {'shape_attributes': {'name': 'polygon', 'all_points_x': [499, 516, 524, 530, 547, 533, 535, 548, 549, 569, 579, 575, 541, 481, 452, 451, 426, 423, 460, 485], 'all_points_y': [989, 1019, 1047, 1067, 1084, 1117, 1121, 1127, 1146, 1153, 1177, 1192, 1185, 1161, 1118, 1093, 1077, 1051, 1039, 1027]}, 'region_attributes': {'CLASS': 'G', 'type': 'G'}}];{};via_region_data (14).json;2;False;datasets\KBF\ANNOTATED_IMAGES\65.jpg
66.jpg;63943;[{'shape_attributes': {'name': 'polygon', 'all_points_x': [303, 339, 351, 398, 460, 474, 409, 371, 340, 317, 299], 'all_points_y': [516, 524, 561, 589, 628, 671, 638, 615, 613, 601, 549]}, 'region_attributes': {'CLASS': 'G', 'type': 'G'}}, {'shape_attributes': {'name': 'polygon', 'all_points_x': [558, 567, 569, 553, 536, 531, 548, 553, 562, 560, 575, 590, 590, 563, 521, 480, 451, 447, 427, 441, 486, 515], 'all_points_y': [1024, 1049, 1068, 1104, 1122, 1133, 1144, 1166, 1178, 1194, 1205, 1238, 1245, 1234, 1211, 1179, 1152, 1103, 1071, 1038, 1038, 1044]}, 'region_attributes': {'CLASS': 'G', 'type': 'G'}}];{};via_region_data (14).json;2;False;datasets\KBF\ANNOTATED_IMAGES\66.jpg
67.jpg;62562;[{'shape_attributes': {'name': 'polygon', 'all_points_x': [537, 544, 556, 546, 529, 488], 'all_points_y': [1162, 1185, 1198, 1217, 1226, 1192]}, 'region_attributes': {'CLASS': 'G', 'type': 'G'}}];{};via_region_data (14).json;1;False;datasets\KBF\ANNOTATED_IMAGES\67.jpg
68.jpg;87392;[{'shape_attributes': {'name': 'polygon', 'all_points_x': [93, 105, 144, 184, 219, 268, 310, 325, 372, 395, 383, 370, 366, 361, 351, 349, 353, 352, 369, 399, 421, 432, 441, 424, 311, 219, 155, 111, 70, 68], 'all_points_y': [269, 286, 302, 304, 298, 276, 230, 207, 203, 241, 286, 340, 434, 490, 588, 683, 777, 841, 925, 1013, 1054, 1084, 1120, 1119, 1014, 855, 645, 516, 343, 277]}, 'region_attributes': {'CLASS': 'R', 'type': 'R'}}];{};via_region_data (14).json;1;False;datasets\KBF\ANNOTATED_IMAGES\68.jpg
69.jpg;68037;[{'shape_attributes': {'name': 'polygon', 'all_points_x': [444, 476, 489, 448], 'all_points_y': [1108, 1101, 1112, 1127]}, 'region_attributes': {'CLASS': 'F', 'type': 'F'}}, {'shape_attributes': {'name': 'polygon', 'all_points_x': [494, 514, 517, 504], 'all_points_y': [1187, 1182, 1199, 1201]}, 'region_attributes': {'CLASS': 'F', 'type': 'F'}}];{};via_region_data (14).json;2;False;datasets\KBF\ANNOTATED_IMAGES\69.jpg
70.jpg;63162;[{'shape_attributes': {'name': 'polygon', 'all_points_x': [397, 419, 452, 477, 504, 510, 510, 504, 505, 471, 468, 459, 488, 493, 479, 443, 414, 413, 378], 'all_points_y': [916, 938, 965, 983, 973, 990, 1011, 1021, 1045, 1068, 1098, 1129, 1147, 1162, 1167, 1140, 1077, 1015, 944]}, 'region_attributes': {'CLASS': 'G', 'type': 'G'}}];{};via_region_data (14).json;1;False;datasets\KBF\ANNOTATED_IMAGES\70.jpg
71.jpg;60957;[{'shape_attributes': {'name': 'polygon', 'all_points_x': [591, 620, 670, 669, 633, 610, 586, 586, 594, 602, 583], 'all_points_y': [1168, 1165, 1180, 1194, 1252, 1282, 1295, 1276, 1234, 1214, 1184]}, 'region_attributes': {'CLASS': 'G', 'type': 'G'}}];{};via_region_data (14).json;1;False;datasets\KBF\ANNOTATED_IMAGES\71.jpg
72.jpg;60659;[{'shape_attributes': {'name': 'polygon', 'all_points_x': [534, 548, 545, 530, 542, 539, 549, 549, 534, 536, 503, 482, 465, 458, 443, 428, 438, 476, 503], 'all_points_y': [977, 996, 1040, 1093, 1103, 1125, 1134, 1159, 1173, 1192, 1195, 1175, 1142, 1121, 1074, 1062, 1033, 1010, 1015]}, 'region_attributes': {'CLASS': 'G', 'type': 'G'}}];{};via_region_data (14).json;1;False;datasets\KBF\ANNOTATED_IMAGES\72.jpg
73.jpg;53537;[{'shape_attributes': {'name': 'polygon', 'all_points_x': [503, 515, 526, 519, 516, 522, 514, 490, 468, 472, 454, 421, 408, 415, 461, 476], 'all_points_y': [965, 984, 1001, 1031, 1070, 1110, 1133, 1140, 1133, 1104, 1073, 1072, 1040, 1012, 1010, 998]}, 'region_attributes': {'CLASS': 'G', 'type': 'G'}}];{};via_region_data (14).json;1;False;datasets\KBF\ANNOTATED_IMAGES\73.jpg
74.jpg;61160;[{'shape_attributes': {'name': 'polygon', 'all_points_x': [671, 679, 689, 697, 715, 713, 698, 678, 653, 671], 'all_points_y': [964, 1007, 1031, 1075, 1093, 1160, 1179, 1105, 1036, 964]}, 'region_attributes': {'CLASS': 'G', 'type': 'G'}}];{};via_region_data (14).json;1;False;datasets\KBF\ANNOTATED_IMAGES\74.jpg
75.jpg;60746;[{'shape_attributes': {'name': 'polygon', 'all_points_x': [589, 598, 599, 587, 573, 558, 550, 556, 551], 'all_points_y': [1154, 1171, 1182, 1210, 1225, 1230, 1224, 1195, 1185]}, 'region_attributes': {'CLASS': 'G', 'type': 'G'}}];{};via_region_data (14).json;1;False;datasets\KBF\ANNOTATED_IMAGES\75.jpg
76.jpg;70532;[{'shape_attributes': {'name': 'polygon', 'all_points_x': [452, 472, 479, 505, 486, 435, 429], 'all_points_y': [1100, 1120, 1152, 1176, 1185, 1176, 1132]}, 'region_attributes': {'CLASS': 'G', 'type': 'G'}}];{};via_region_data (14).json;1;False;datasets\KBF\ANNOTATED_IMAGES\76.jpg
77.jpg;70157;[{'shape_attributes': {'name': 'polygon', 'all_points_x': [425, 445, 463, 453, 437, 404, 365, 347, 359, 391, 376, 352, 326, 368, 407], 'all_points_y': [1033, 1049, 1083, 1112, 1139, 1152, 1152, 1145, 1129, 1118, 1090, 1070, 1027, 1035, 1049]}, 'region_attributes': {'CLASS': 'G', 'type': 'G'}}];{};via_region_data (14).json;1;False;datasets\KBF\ANNOTATED_IMAGES\77.jpg
78.jpg;68674;[{'shape_attributes': {'name': 'polygon', 'all_points_x': [271, 307, 333, 341, 326, 298, 271], 'all_points_y': [569, 601, 611, 643, 645, 620, 569]}, 'region_attributes': {'CLASS': 'F', 'type': 'F'}}, {'shape_attributes': {'name': 'polygon', 'all_points_x': [499, 518, 516, 496, 483], 'all_points_y': [1075, 1102, 1123, 1126, 1103]}, 'region_attributes': {'CLASS': 'G', 'type': 'G'}}];{};via_region_data (14).json;2;False;datasets\KBF\ANNOTATED_IMAGES\78.jpg
79.jpg;65342;[{'shape_attributes': {'name': 'polygon', 'all_points_x': [395, 404, 412, 461, 481, 492, 502, 500, 485, 467, 470, 470, 467, 428, 417, 398, 393], 'all_points_y': [925, 922, 930, 934, 940, 934, 940, 960, 986, 1010, 1044, 1070, 1085, 1034, 986, 958, 938]}, 'region_attributes': {'CLASS': 'G', 'type': 'G'}}];{};via_region_data (14).json;1;False;datasets\KBF\ANNOTATED_IMAGES\79.jpg
80.jpg;56876;[{'shape_attributes': {'name': 'polygon', 'all_points_x': [395, 411, 415, 428, 455, 484, 532, 590, 620, 664, 668, 639, 614, 578, 563, 552, 551, 568, 590, 620, 655, 667, 655, 601, 478, 382, 358, 348, 352, 359, 375], 'all_points_y': [321, 327, 347, 378, 398, 404, 391, 356, 342, 357, 401, 459, 517, 637, 724, 828, 918, 1011, 1082, 1149, 1193, 1236, 1232, 1194, 1053, 840, 698, 557, 436, 366, 326]}, 'region_attributes': {'CLASS': 'R', 'type': 'R'}}];{};via_region_data (14).json;1;False;datasets\KBF\ANNOTATED_IMAGES\80.jpg
81.jpg;55485;[{'shape_attributes': {'name': 'polygon', 'all_points_x': [378, 401, 416, 440, 466, 470, 439, 386], 'all_points_y': [505, 508, 528, 539, 566, 604, 588, 536]}, 'region_attributes': {'CLASS': 'G', 'type': 'G'}}, {'shape_attributes': {'name': 'polygon', 'all_points_x': [596, 604, 607, 597, 599, 594, 603, 608, 593, 577, 565, 570, 550, 522, 495, 489, 513, 546, 565, 581], 'all_points_y': [1030, 1060, 1086, 1111, 1136, 1152, 1180, 1191, 1215, 1228, 1222, 1200, 1173, 1146, 1083, 1063, 1028, 1043, 1048, 1026]}, 'region_attributes': {'CLASS': 'G', 'type': 'G'}}];{};via_region_data (14).json;2;False;datasets\KBF\ANNOTATED_IMAGES\81.jpg
82.jpg;57605;[{'shape_attributes': {'name': 'polygon', 'all_points_x': [607, 621, 615, 626, 614, 595, 573, 573, 554, 560, 574, 574, 575, 580, 572, 548, 509, 496, 489, 465, 439, 426, 439, 465, 509, 566, 591], 'all_points_y': [905, 931, 963, 998, 1030, 1053, 1075, 1090, 1112, 1129, 1135, 1142, 1159, 1183, 1183, 1172, 1155, 1119, 1094, 1058, 1032, 1000, 969, 959, 963, 971, 919]}, 'region_attributes': {'CLASS': 'G', 'type': 'G'}}];{};via_region_data (14).json;1;False;datasets\KBF\ANNOTATED_IMAGES\82.jpg
83.jpg;64271;[{'shape_attributes': {'name': 'polygon', 'all_points_x': [451, 487, 488, 486, 461], 'all_points_y': [1089, 1077, 1096, 1112, 1106]}, 'region_attributes': {'CLASS': 'G', 'type': 'G'}}];{};via_region_data (14).json;1;False;datasets\KBF\ANNOTATED_IMAGES\83.jpg
84.jpg;65715;[{'shape_attributes': {'name': 'polygon', 'all_points_x': [323, 357, 417, 426, 426, 404, 397, 401, 403, 411, 415, 377, 350, 336, 322], 'all_points_y': [988, 977, 979, 996, 1014, 1039, 1080, 1099, 1132, 1171, 1197, 1179, 1134, 1064, 1004]}, 'region_attributes': {'CLASS': 'G', 'type': 'G'}}];{};via_region_data (14).json;1;False;datasets\KBF\ANNOTATED_IMAGES\84.jpg
85.jpg;62829;[{'shape_attributes': {'name': 'polygon', 'all_points_x': [546, 556, 576, 585, 596, 599, 620, 626, 637, 635, 626, 613, 594, 593, 602, 596, 573, 518, 498, 488, 462, 502, 524], 'all_points_y': [1056, 1042, 1053, 1098, 1128, 1146, 1162, 1176, 1193, 1210, 1227, 1239, 1237, 1224, 1224, 1210, 1193, 1146, 1124, 1101, 1051, 1049, 1057]}, 'region_attributes': {'CLASS': 'G', 'type': 'G'}}];{};via_region_data (14).json;1;False;datasets\KBF\ANNOTATED_IMAGES\85.jpg
86.jpg;60929;[{'shape_attributes': {'name': 'polygon', 'all_points_x': [349, 359, 374, 381, 389, 416, 407, 386, 382, 365, 357, 348], 'all_points_y': [516, 502, 508, 543, 557, 582, 595, 599, 620, 616, 571, 540]}, 'region_attributes': {'CLASS': 'G', 'type': 'G'}}, {'shape_attributes': {'name': 'polygon', 'all_points_x': [540, 539, 553, 569, 578, 575, 595, 600, 597, 582, 575, 576, 551, 521, 495, 466, 463, 507, 519], 'all_points_y': [966, 987, 1021, 1052, 1082, 1108, 1115, 1140, 1153, 1166, 1152, 1143, 1144, 1129, 1109, 1099, 1065, 1037, 981]}, 'region_attributes': {'CLASS': 'G', 'type': 'G'}}];{};via_region_data (14).json;2;False;datasets\KBF\ANNOTATED_IMAGES\86.jpg
87.jpg;65266;[{'shape_attributes': {'name': 'polygon', 'all_points_x': [294, 327, 323, 300, 336, 322, 284, 284], 'all_points_y': [660, 666, 630, 613, 583, 563, 551, 581]}, 'region_attributes': {'CLASS': 'G', 'type': 'G'}}, {'shape_attributes': {'name': 'polygon', 'all_points_x': [487, 497, 501, 490, 471], 'all_points_y': [1056, 1080, 1119, 1128, 1071]}, 'region_attributes': {'CLASS': 'G', 'type': 'G'}}];{};via_region_data (14).json;2;False;datasets\KBF\ANNOTATED_IMAGES\87.jpg
88.jpg;71484;[{'shape_attributes': {'name': 'polygon', 'all_points_x': [460, 480, 485, 510, 521, 513, 496, 486, 476, 445, 426, 419, 436], 'all_points_y': [1052, 1086, 1112, 1147, 1169, 1204, 1220, 1207, 1178, 1169, 1146, 1102, 1069]}, 'region_attributes': {'CLASS': 'G', 'type': 'G'}}];{};via_region_data (14).json;1;False;datasets\KBF\ANNOTATED_IMAGES\88.jpg
89.jpg;64279;[{'shape_attributes': {'name': 'polygon', 'all_points_x': [314, 335, 385, 418, 478, 519, 567, 598, 620, 594, 575, 549, 530, 519, 508, 510, 523, 533, 552, 565, 565, 555, 506, 459, 407, 373, 343, 314], 'all_points_y': [409, 407, 439, 445, 431, 405, 361, 366, 409, 481, 575, 688, 780, 860, 943, 1011, 1097, 1139, 1180, 1212, 1232, 1240, 1196, 1160, 1057, 914, 724, 409]}, 'region_attributes': {'CLASS': 'R', 'type': 'R'}}];{};via_region_data (14).json;1;False;datasets\KBF\ANNOTATED_IMAGES\89.jpg
90.jpg;70583;[{'shape_attributes': {'name': 'polygon', 'all_points_x': [166, 223, 219, 158], 'all_points_y': [415, 461, 490, 444]}, 'region_attributes': {'CLASS': 'G', 'type': 'G'}}, {'shape_attributes': {'name': 'polygon', 'all_points_x': [334, 374, 378, 388, 382, 360, 358, 358, 369, 370, 402, 345, 302, 250, 251, 270, 315], 'all_points_y': [850, 838, 857, 872, 902, 924, 948, 969, 994, 1003, 1043, 1011, 926, 849, 821, 808, 849]}, 'region_attributes': {'CLASS': 'G', 'type': 'G'}}];{};via_region_data (14).json;2;False;datasets\KBF\ANNOTATED_IMAGES\90.jpg
92.jpg;64359;[{'shape_attributes': {'name': 'polygon', 'all_points_x': [427, 455, 498, 529, 551, 603, 603, 582, 556, 540, 525, 514, 504, 497, 497, 498, 509, 533, 552, 582, 607, 619, 535, 421, 350, 307, 285, 286, 295, 310, 341, 370, 390], 'all_points_y': [376, 375, 356, 328, 308, 300, 371, 430, 496, 547, 613, 669, 747, 823, 889, 933, 994, 1065, 1113, 1162, 1194, 1206, 1178, 1049, 895, 692, 502, 410, 329, 300, 292, 331, 363]}, 'region_attributes': {'CLASS': 'R', 'type': 'R'}}];{};via_region_data (14).json;1;False;datasets\KBF\ANNOTATED_IMAGES\92.jpg
93.jpg;64248;[{'shape_attributes': {'name': 'polygon', 'all_points_x': [475, 492, 505, 525, 531, 524, 509, 486, 468, 469, 483, 483, 468, 449], 'all_points_y': [1054, 1069, 1099, 1119, 1136, 1165, 1182, 1191, 1181, 1168, 1169, 1153, 1127, 1104]}, 'region_attributes': {'CLASS': 'G', 'type': 'G'}}];{};via_region_data (14).json;1;False;datasets\KBF\ANNOTATED_IMAGES\93.jpg
94.jpg;60218;[{'shape_attributes': {'name': 'polygon', 'all_points_x': [566, 584, 605, 628, 644, 613, 559], 'all_points_y': [1180, 1185, 1209, 1230, 1262, 1254, 1208]}, 'region_attributes': {'CLASS': 'G', 'type': 'G'}}];{};via_region_data (14).json;1;False;datasets\KBF\ANNOTATED_IMAGES\94.jpg
95.jpg;67267;[{'shape_attributes': {'name': 'polygon', 'all_points_x': [330, 370, 407, 446, 495, 517, 568, 589, 575, 545, 517, 496, 475, 469, 473, 483, 506, 522, 545, 572, 551, 518, 464, 391, 342, 310, 298, 284, 261, 251, 250, 284, 306], 'all_points_y': [415, 436, 439, 425, 400, 380, 377, 445, 481, 566, 658, 761, 877, 950, 1021, 1080, 1132, 1181, 1220, 1277, 1275, 1242, 1200, 1090, 946, 813, 689, 607, 528, 448, 384, 371, 389]}, 'region_attributes': {'CLASS': 'R', 'type': 'R'}}];{};via_region_data (14).json;1;False;datasets\KBF\ANNOTATED_IMAGES\95.jpg
96.jpg;59616;[{'shape_attributes': {'name': 'polygon', 'all_points_x': [506, 536, 546, 553, 565, 513, 497, 490], 'all_points_y': [1118, 1135, 1192, 1217, 1256, 1228, 1198, 1141]}, 'region_attributes': {'CLASS': 'G', 'type': 'G'}}];{};via_region_data (14).json;1;False;datasets\KBF\ANNOTATED_IMAGES\96.jpg
97.jpg;71186;[{'shape_attributes': {'name': 'polygon', 'all_points_x': [325, 351, 384, 427, 439, 430, 436, 429, 447, 420, 406, 383, 339], 'all_points_y': [980, 975, 988, 970, 1002, 1019, 1035, 1065, 1108, 1124, 1101, 1042, 1023]}, 'region_attributes': {'CLASS': 'G', 'type': 'G'}}];{};via_region_data (14).json;1;False;datasets\KBF\ANNOTATED_IMAGES\97.jpg
98.jpg;50472;[{'shape_attributes': {'name': 'polygon', 'all_points_x': [630, 646, 660, 664, 653, 626, 606, 593, 585, 539, 591, 617], 'all_points_y': [1169, 1164, 1143, 1114, 1099, 1077, 1044, 1019, 1049, 1072, 1126, 1141]}, 'region_attributes': {'CLASS': 'G', 'type': 'G'}}];{};via_region_data (14).json;1;False;datasets\KBF\ANNOTATED_IMAGES\98.jpg
99.jpg;60796;[{'shape_attributes': {'name': 'polygon', 'all_points_x': [392, 435, 477, 484, 441, 470, 492, 530, 506, 504, 480, 468, 429, 389], 'all_points_y': [519, 499, 496, 527, 536, 576, 618, 672, 714, 802, 865, 724, 600, 540]}, 'region_attributes': {'CLASS': 'G', 'type': 'G'}}, {'shape_attributes': {'name': 'polygon', 'all_points_x': [535, 576, 597, 608, 616, 625, 613, 586, 601, 601, 601, 623, 626, 595, 547, 527, 489, 481, 489, 514], 'all_points_y': [984, 973, 920, 904, 974, 1009, 1045, 1059, 1069, 1096, 1108, 1118, 1148, 1146, 1113, 1083, 1043, 1018, 988, 983]}, 'region_attributes': {'CLASS': 'G', 'type': 'G'}}];{};via_region_data (14).json;2;False;datasets\KBF\ANNOTATED_IMAGES\99.jpg
100.jpg;65921;[{'shape_attributes': {'name': 'polygon', 'all_points_x': [530, 540, 543, 561, 588, 576, 541, 498, 473, 498, 521], 'all_points_y': [1122, 1146, 1164, 1189, 1204, 1221, 1214, 1192, 1164, 1138, 1118]}, 'region_attributes': {'CLASS': 'G', 'type': 'G'}}];{};via_region_data (14).json;1;False;datasets\KBF\ANNOTATED_IMAGES\100.jpg
101.jpg;68124;[{'shape_attributes': {'name': 'polygon', 'all_points_x': [412, 424, 449, 460, 464, 482, 488, 482, 455, 421, 404, 424, 391, 375, 392, 377, 390], 'all_points_y': [1038, 1076, 1107, 1127, 1142, 1165, 1196, 1210, 1219, 1219, 1212, 1183, 1165, 1139, 1090, 1072, 1051]}, 'region_attributes': {'CLASS': 'G', 'type': 'G'}}];{};via_region_data (14).json;1;False;datasets\KBF\ANNOTATED_IMAGES\101.jpg
102.jpg;60702;[{'shape_attributes': {'name': 'polygon', 'all_points_x': [510, 525, 536, 560, 556, 561, 562, 557, 555, 533, 537, 533, 531, 516, 494, 448, 434, 461, 483, 511], 'all_points_y': [997, 954, 985, 984, 1012, 1035, 1060, 1083, 1117, 1126, 1152, 1168, 1203, 1235, 1204, 1128, 1102, 1047, 1054, 1021]}, 'region_attributes': {'CLASS': 'GF', 'type': 'GF'}}];{};via_region_data (14).json;1;False;datasets\KBF\ANNOTATED_IMAGES\102.jpg
103.jpg;59532;[{'shape_attributes': {'name': 'polygon', 'all_points_x': [547, 564, 573, 569, 551, 544, 544, 559, 553, 569, 559, 514, 471, 420, 454, 507, 522], 'all_points_y': [953, 979, 1004, 1027, 1060, 1079, 1093, 1119, 1137, 1154, 1193, 1144, 1063, 1015, 1003, 1013, 974]}, 'region_attributes': {'CLASS': 'G', 'type': 'G'}}];{};via_region_data (14).json;1;False;datasets\KBF\ANNOTATED_IMAGES\103.jpg
104.jpg;61497;[{'shape_attributes': {'name': 'polygon', 'all_points_x': [511, 525, 529, 509, 516, 521, 525, 512, 480, 435, 411, 407, 426, 449, 480, 489], 'all_points_y': [1065, 1095, 1124, 1149, 1177, 1198, 1230, 1240, 1230, 1185, 1140, 1083, 1065, 1088, 1080, 1067]}, 'region_attributes': {'CLASS': 'G', 'type': 'G'}}];{};via_region_data (14).json;1;False;datasets\KBF\ANNOTATED_IMAGES\104.jpg
105.jpg;67051;[{'shape_attributes': {'name': 'polygon', 'all_points_x': [260, 284, 290, 287, 261], 'all_points_y': [616, 619, 630, 641, 635]}, 'region_attributes': {'CLASS': 'F', 'type': 'F'}}, {'shape_attributes': {'name': 'polygon', 'all_points_x': [477, 507, 513, 531, 546, 550, 522, 493, 462, 423, 463, 470], 'all_points_y': [1090, 1112, 1132, 1152, 1181, 1198, 1187, 1165, 1150, 1136, 1091, 1084]}, 'region_attributes': {'CLASS': 'G', 'type': 'G'}}, {'shape_attributes': {'name': 'polygon', 'all_points_x': [348, 382, 434, 438, 356], 'all_points_y': [979, 966, 962, 977, 991]}, 'region_attributes': {'CLASS': 'G', 'type': 'G'}}];{};via_region_data (14).json;3;False;datasets\KBF\ANNOTATED_IMAGES\105.jpg
106.jpg;70767;[{'shape_attributes': {'name': 'polygon', 'all_points_x': [189, 262, 292, 308, 236, 234, 226, 196], 'all_points_y': [426, 457, 510, 557, 628, 571, 497, 450]}, 'region_attributes': {'CLASS': 'G', 'type': 'G'}}, {'shape_attributes': {'name': 'polygon', 'all_points_x': [376, 386, 394, 391, 386, 398, 413, 413, 397, 378, 381, 344, 315, 296, 292, 336, 363], 'all_points_y': [974, 997, 1013, 1028, 1049, 1069, 1090, 1113, 1135, 1136, 1114, 1092, 1057, 1028, 1005, 1000, 965]}, 'region_attributes': {'CLASS': 'G', 'type': 'G'}}];{};via_region_data (14).json;2;False;datasets\KBF\ANNOTATED_IMAGES\106.jpg
107.jpg;62134;[{'shape_attributes': {'name': 'polygon', 'all_points_x': [486, 511, 542, 578, 591, 590, 576, 599, 595, 583, 567, 568, 546, 521, 489, 473], 'all_points_y': [1001, 998, 1002, 980, 1013, 1041, 1067, 1086, 1103, 1125, 1131, 1108, 1096, 1074, 1053, 1016]}, 'region_attributes': {'CLASS': 'G', 'type': 'G'}}];{};via_region_data (14).json;1;False;datasets\KBF\ANNOTATED_IMAGES\107.jpg
108.jpg;69956;[{'shape_attributes': {'name': 'polygon', 'all_points_x': [321, 363, 416, 448, 512, 538, 590, 574, 553, 517, 494, 492, 499, 506, 512, 528, 513, 428, 368, 330, 305, 282, 257, 256, 285, 311], 'all_points_y': [397, 410, 417, 401, 359, 344, 349, 423, 507, 701, 845, 966, 1079, 1157, 1202, 1253, 1251, 1138, 975, 803, 653, 574, 436, 374, 361, 379]}, 'region_attributes': {'CLASS': 'R', 'type': 'R'}}];{};via_region_data (14).json;1;False;datasets\KBF\ANNOTATED_IMAGES\108.jpg
109.jpg;60627;[{'shape_attributes': {'name': 'polygon', 'all_points_x': [498, 541, 591, 652, 671, 635, 603, 581, 573, 576, 588, 600, 618, 645, 618, 512, 456, 414, 383, 362, 349, 351, 371, 402, 464], 'all_points_y': [426, 409, 369, 359, 437, 538, 687, 873, 964, 1060, 1115, 1166, 1213, 1263, 1255, 1144, 983, 822, 634, 504, 431, 384, 380, 410, 426]}, 'region_attributes': {'CLASS': 'R', 'type': 'R'}}];{};via_region_data (14).json;1;False;datasets\KBF\ANNOTATED_IMAGES\109.jpg
110.jpg;67898;[{'shape_attributes': {'name': 'polygon', 'all_points_x': [433, 467, 497, 512, 505, 474], 'all_points_y': [1168, 1159, 1154, 1186, 1197, 1187]}, 'region_attributes': {'CLASS': 'G', 'type': 'G'}}];{};via_region_data (14).json;1;False;datasets\KBF\ANNOTATED_IMAGES\110.jpg
111.jpg;51384;[{'shape_attributes': {'name': 'polygon', 'all_points_x': [639, 643, 636, 627, 610, 621, 616, 625], 'all_points_y': [1154, 1169, 1188, 1193, 1191, 1180, 1167, 1155]}, 'region_attributes': {'CLASS': 'G', 'type': 'G'}}];{};via_region_data (14).json;1;False;datasets\KBF\ANNOTATED_IMAGES\111.jpg
112.jpg;66217;[{'shape_attributes': {'name': 'polygon', 'all_points_x': [397, 421, 434, 462, 462, 474, 492, 487, 487, 497, 493, 468, 473, 464, 484, 484, 483, 462, 454, 433, 426, 392, 384], 'all_points_y': [1058, 1064, 1064, 1040, 1016, 987, 1010, 1035, 1060, 1076, 1115, 1129, 1142, 1149, 1167, 1186, 1211, 1204, 1180, 1159, 1126, 1109, 1073]}, 'region_attributes': {'CLASS': 'G', 'type': 'G'}}];{};via_region_data (14).json;1;False;datasets\KBF\ANNOTATED_IMAGES\112.jpg
113.jpg;59927;[{'shape_attributes': {'name': 'polygon', 'all_points_x': [566, 580, 603, 622, 636, 646, 659, 659, 654, 628, 585, 558, 544, 550], 'all_points_y': [1102, 1107, 1155, 1154, 1148, 1166, 1194, 1214, 1238, 1217, 1203, 1159, 1137, 1116]}, 'region_attributes': {'CLASS': 'G', 'type': 'G'}}];{};via_region_data (14).json;1;False;datasets\KBF\ANNOTATED_IMAGES\113.jpg
114.jpg;63472;[{'shape_attributes': {'name': 'polygon', 'all_points_x': [437, 462, 494, 494, 529, 533, 538, 538, 550, 557, 549, 559, 561, 543, 521, 462, 431, 423], 'all_points_y': [1075, 1083, 1079, 1059, 1051, 1064, 1092, 1128, 1141, 1155, 1170, 1190, 1230, 1242, 1201, 1180, 1132, 1097]}, 'region_attributes': {'CLASS': 'G', 'type': 'G'}}];{};via_region_data (14).json;1;False;datasets\KBF\ANNOTATED_IMAGES\114.jpg
115.jpg;66430;[{'shape_attributes': {'name': 'polygon', 'all_points_x': [258, 279, 301, 323, 300, 271], 'all_points_y': [621, 602, 623, 714, 728, 662]}, 'region_attributes': {'CLASS': 'G', 'type': 'G'}}];{};via_region_data (14).json;1;False;datasets\KBF\ANNOTATED_IMAGES\115.jpg
116.jpg;64681;[{'shape_attributes': {'name': 'polygon', 'all_points_x': [344, 423, 490, 530, 493, 464, 441, 420, 411, 423, 449, 486, 530, 552, 515, 363, 263, 216, 191, 177, 188, 209, 238, 272, 344], 'all_points_y': [380, 360, 319, 379, 471, 590, 686, 794, 874, 961, 1065, 1144, 1212, 1236, 1231, 1109, 933, 786, 560, 446, 352, 311, 317, 365, 380]}, 'region_attributes': {'CLASS': 'R', 'type': 'R'}}];{};via_region_data (14).json;1;False;datasets\KBF\ANNOTATED_IMAGES\116.jpg
117.jpg;55975;[{'shape_attributes': {'name': 'polygon', 'all_points_x': [583, 596, 609, 615, 608, 637, 647, 666, 676, 674, 635, 557, 542, 560], 'all_points_y': [926, 928, 957, 972, 982, 1006, 1021, 1042, 1066, 1083, 1072, 1029, 1013, 949]}, 'region_attributes': {'CLASS': 'G', 'type': 'G'}}];{};via_region_data (14).json;1;False;datasets\KBF\ANNOTATED_IMAGES\117.jpg
118.jpg;53859;[{'shape_attributes': {'name': 'polygon', 'all_points_x': [501, 517, 533, 540, 553, 564, 573, 599, 602, 610, 608, 590, 526, 453, 443, 462, 480], 'all_points_y': [1033, 1018, 1019, 1036, 1044, 1075, 1117, 1128, 1141, 1165, 1185, 1172, 1141, 1071, 1042, 1027, 1033]}, 'region_attributes': {'CLASS': 'G', 'type': 'G'}}];{};via_region_data (14).json;1;False;datasets\KBF\ANNOTATED_IMAGES\118.jpg
119.jpg;59399;[{'shape_attributes': {'name': 'polygon', 'all_points_x': [355, 383, 402, 381, 351], 'all_points_y': [636, 622, 635, 657, 670]}, 'region_attributes': {'CLASS': 'G', 'type': 'G'}}, {'shape_attributes': {'name': 'polygon', 'all_points_x': [525, 550, 573, 585, 578, 521, 513], 'all_points_y': [1133, 1117, 1103, 1123, 1141, 1162, 1137]}, 'region_attributes': {'CLASS': 'F', 'type': 'F'}}, {'shape_attributes': {'name': 'polygon', 'all_points_x': [610, 615, 613, 598, 588, 585], 'all_points_y': [1203, 1224, 1250, 1275, 1278, 1236]}, 'region_attributes': {'CLASS': 'G', 'type': 'G'}}];{};via_region_data (14).json;3;False;datasets\KBF\ANNOTATED_IMAGES\119.jpg
120.jpg;69379;[{'shape_attributes': {'name': 'polygon', 'all_points_x': [375, 423, 469, 538, 515, 508, 503, 492, 486, 492, 510, 532, 553, 570, 568, 544, 449, 357, 286, 262, 217, 192, 207, 227, 268, 339], 'all_points_y': [344, 321, 271, 312, 398, 449, 512, 658, 745, 855, 958, 1033, 1137, 1186, 1219, 1197, 1039, 873, 697, 591, 470, 354, 314, 324, 352, 357]}, 'region_attributes': {'CLASS': 'R', 'type': 'R'}}];{};via_region_data (14).json;1;False;datasets\KBF\ANNOTATED_IMAGES\120.jpg
121.jpg;48433;[{'shape_attributes': {'name': 'polygon', 'all_points_x': [632, 649, 651, 651, 634, 609, 590, 592, 607, 606, 597], 'all_points_y': [1062, 1080, 1110, 1128, 1158, 1165, 1153, 1141, 1146, 1123, 1110]}, 'region_attributes': {'CLASS': 'G', 'type': 'G'}}];{};via_region_data (14).json;1;False;datasets\KBF\ANNOTATED_IMAGES\121.jpg
122.jpg;58284;[{'shape_attributes': {'name': 'polygon', 'all_points_x': [603, 617, 628, 638, 653, 649, 655, 672, 691, 714, 714, 672, 606, 534, 548, 590, 585], 'all_points_y': [954, 983, 997, 1040, 1070, 1111, 1118, 1151, 1178, 1193, 1208, 1199, 1172, 1114, 1078, 1021, 975]}, 'region_attributes': {'CLASS': 'G', 'type': 'G'}}];{};via_region_data (14).json;1;False;datasets\KBF\ANNOTATED_IMAGES\122.jpg
123.jpg;65806;[{'shape_attributes': {'name': 'polygon', 'all_points_x': [469, 482, 485, 508, 512, 490, 482, 447, 407], 'all_points_y': [1098, 1126, 1138, 1173, 1201, 1224, 1205, 1175, 1131]}, 'region_attributes': {'CLASS': 'G', 'type': 'G'}}];{};via_region_data (14).json;1;False;datasets\KBF\ANNOTATED_IMAGES\123.jpg
124.jpg;68138;[{'shape_attributes': {'name': 'polygon', 'all_points_x': [420, 442, 442, 429, 441, 435, 444, 462, 470, 396, 336, 314, 305, 332, 347, 392], 'all_points_y': [898, 958, 991, 1036, 1051, 1075, 1084, 1103, 1144, 1097, 1033, 981, 926, 921, 951, 921]}, 'region_attributes': {'CLASS': 'GF', 'type': 'GF'}}];{};via_region_data (14).json;1;False;datasets\KBF\ANNOTATED_IMAGES\124.jpg
125.jpg;72292;[{'shape_attributes': {'name': 'polygon', 'all_points_x': [277, 326, 364, 383, 420, 451, 458, 446, 426, 380, 362, 293], 'all_points_y': [987, 947, 929, 956, 1045, 1093, 1137, 1158, 1156, 1115, 1070, 1002]}, 'region_attributes': {'CLASS': 'G', 'type': 'G'}}];{};via_region_data (14).json;1;False;datasets\KBF\ANNOTATED_IMAGES\125.jpg
126.jpg;70286;[{'shape_attributes': {'name': 'polygon', 'all_points_x': [382, 410, 460, 526, 519, 505, 492, 473, 457, 457, 459, 477, 506, 522, 483, 421, 371, 328, 294, 270, 231, 213, 219, 246, 260, 309, 344], 'all_points_y': [329, 319, 280, 293, 351, 443, 555, 659, 774, 848, 986, 1076, 1140, 1176, 1159, 1093, 970, 854, 708, 596, 433, 334, 283, 275, 300, 330, 336]}, 'region_attributes': {'CLASS': 'R', 'type': 'R'}}];{};via_region_data (14).json;1;False;datasets\KBF\ANNOTATED_IMAGES\126.jpg
127.jpg;70819;[{'shape_attributes': {'name': 'polygon', 'all_points_x': [439, 450, 451, 471, 443, 430, 425], 'all_points_y': [994, 1031, 1087, 1154, 1145, 1073, 1008]}, 'region_attributes': {'CLASS': 'G', 'type': 'G'}}];{};via_region_data (14).json;1;False;datasets\KBF\ANNOTATED_IMAGES\127.jpg
128.jpg;55002;[{'shape_attributes': {'name': 'polygon', 'all_points_x': [420, 450, 448, 420], 'all_points_y': [736, 737, 761, 757]}, 'region_attributes': {'CLASS': 'G', 'type': 'G'}}, {'shape_attributes': {'name': 'polygon', 'all_points_x': [655, 673, 679, 677, 694, 702, 723, 749, 772, 770, 761, 744, 690, 653], 'all_points_y': [1201, 1197, 1204, 1220, 1232, 1259, 1271, 1287, 1304, 1323, 1335, 1321, 1315, 1231]}, 'region_attributes': {'CLASS': 'G', 'type': 'G'}}];{};via_region_data (14).json;2;False;datasets\KBF\ANNOTATED_IMAGES\128.jpg
129.jpg;68327;[{'shape_attributes': {'name': 'polygon', 'all_points_x': [549, 554, 563, 564, 535, 532, 530, 507], 'all_points_y': [1146, 1157, 1176, 1215, 1281, 1269, 1203, 1179]}, 'region_attributes': {'CLASS': 'G', 'type': 'G'}}];{};via_region_data (14).json;1;False;datasets\KBF\ANNOTATED_IMAGES\129.jpg
130.jpg;64717;[{'shape_attributes': {'name': 'polygon', 'all_points_x': [281, 315, 332, 303, 287], 'all_points_y': [538, 543, 554, 573, 575]}, 'region_attributes': {'CLASS': 'F', 'type': 'F'}}, {'shape_attributes': {'name': 'polygon', 'all_points_x': [495, 511, 513, 508, 517, 527, 514, 471, 473], 'all_points_y': [993, 1011, 1041, 1056, 1071, 1094, 1110, 1055, 1009]}, 'region_attributes': {'CLASS': 'G', 'type': 'G'}}];{};via_region_data (14).json;2;False;datasets\KBF\ANNOTATED_IMAGES\130.jpg
131.jpg;65229;[{'shape_attributes': {'name': 'polygon', 'all_points_x': [449, 474, 525, 534, 552, 567, 563, 543, 544, 525, 485, 449, 443, 458, 466, 463, 452, 443], 'all_points_y': [1075, 1067, 1077, 1074, 1065, 1122, 1142, 1159, 1172, 1194, 1213, 1206, 1190, 1190, 1175, 1143, 1114, 1086]}, 'region_attributes': {'CLASS': 'G', 'type': 'G'}}, {'shape_attributes': {'name': 'polygon', 'all_points_x': [325, 357, 360, 357, 350, 331], 'all_points_y': [606, 598, 630, 662, 687, 629]}, 'region_attributes': {'CLASS': 'G', 'type': 'G'}}];{};via_region_data (14).json;2;False;datasets\KBF\ANNOTATED_IMAGES\131.jpg
132.jpg;53810;[{'shape_attributes': {'name': 'polygon', 'all_points_x': [523, 545, 553, 531, 458, 421, 406, 461], 'all_points_y': [791, 817, 856, 911, 925, 905, 827, 811]}, 'region_attributes': {'CLASS': 'G', 'type': 'G'}}, {'shape_attributes': {'name': 'polygon', 'all_points_x': [503, 538, 548, 519, 497], 'all_points_y': [1078, 1059, 1080, 1110, 1090]}, 'region_attributes': {'CLASS': 'F', 'type': 'F'}}];{};via_region_data (14).json;2;False;datasets\KBF\ANNOTATED_IMAGES\132.jpg
133.jpg;63256;[{'shape_attributes': {'name': 'polygon', 'all_points_x': [556, 580, 576, 580, 576, 574, 549, 516, 556], 'all_points_y': [1130, 1164, 1193, 1220, 1234, 1254, 1238, 1177, 1130]}, 'region_attributes': {'CLASS': 'G', 'type': 'G'}}, {'shape_attributes': {'name': 'polygon', 'all_points_x': [315, 345, 367, 387, 377, 359, 330, 313], 'all_points_y': [484, 439, 440, 490, 529, 554, 556, 521]}, 'region_attributes': {'CLASS': 'G', 'type': 'G'}}];{};via_region_data (14).json;2;False;datasets\KBF\ANNOTATED_IMAGES\133.jpg
134.jpg;48877;[{'shape_attributes': {'name': 'polygon', 'all_points_x': [456, 475, 532, 586, 642, 657, 653, 626, 594, 573, 559, 543, 537, 543, 552, 567, 580, 601, 625, 632, 606, 543, 470, 433, 387, 365, 348, 343, 355, 367, 389, 407, 427], 'all_points_y': [265, 268, 251, 219, 213, 253, 283, 360, 457, 530, 583, 702, 767, 842, 897, 966, 1010, 1046, 1090, 1104, 1096, 1041, 960, 879, 713, 573, 437, 320, 237, 196, 194, 214, 246]}, 'region_attributes': {'CLASS': 'R', 'type': 'R'}}];{};via_region_data (14).json;1;False;datasets\KBF\ANNOTATED_IMAGES\134.jpg
135.jpg;61495;[{'shape_attributes': {'name': 'polygon', 'all_points_x': [514, 527, 533, 528, 541, 557, 565, 602, 602, 559, 486, 481, 497], 'all_points_y': [1038, 1059, 1075, 1105, 1125, 1151, 1175, 1215, 1229, 1204, 1133, 1077, 1034]}, 'region_attributes': {'CLASS': 'G', 'type': 'G'}}];{};via_region_data (14).json;1;False;datasets\KBF\ANNOTATED_IMAGES\135.jpg
136.jpg;76570;[{'shape_attributes': {'name': 'polygon', 'all_points_x': [451, 464, 469, 457], 'all_points_y': [1125, 1140, 1163, 1164]}, 'region_attributes': {'CLASS': 'G', 'type': 'G'}}];{};via_region_data (14).json;1;False;datasets\KBF\ANNOTATED_IMAGES\136.jpg
137.jpg;66175;[{'shape_attributes': {'name': 'polygon', 'all_points_x': [333, 354, 368, 342], 'all_points_y': [675, 664, 683, 718]}, 'region_attributes': {'CLASS': 'G', 'type': 'G'}}, {'shape_attributes': {'name': 'polygon', 'all_points_x': [482, 500, 525, 535, 530, 525, 523, 499, 482, 483, 459], 'all_points_y': [1108, 1104, 1088, 1092, 1134, 1165, 1188, 1207, 1202, 1167, 1119]}, 'region_attributes': {'CLASS': 'GF', 'type': 'GF'}}];{};via_region_data (14).json;2;False;datasets\KBF\ANNOTATED_IMAGES\137.jpg
138.jpg;66535;[{'shape_attributes': {'name': 'polygon', 'all_points_x': [508, 540, 587, 616, 623, 590, 566, 537, 521, 510, 514, 522, 534, 546, 563, 570, 513, 440, 380, 340, 320, 314, 328, 354, 372, 428, 466], 'all_points_y': [454, 437, 400, 459, 507, 579, 671, 772, 872, 964, 1046, 1114, 1168, 1218, 1249, 1269, 1240, 1110, 925, 682, 574, 436, 398, 404, 436, 465, 463]}, 'region_attributes': {'CLASS': 'R', 'type': 'R'}}];{};via_region_data (14).json;1;False;datasets\KBF\ANNOTATED_IMAGES\138.jpg
139.jpg;65162;[{'shape_attributes': {'name': 'polygon', 'all_points_x': [563, 593, 628, 594, 570, 545, 522, 514, 515, 518, 537, 572, 575, 540, 510, 466, 436, 393, 370, 348, 331, 322, 347, 364, 393, 431, 491, 530], 'all_points_y': [314, 312, 342, 494, 594, 703, 812, 881, 953, 1018, 1098, 1165, 1182, 1164, 1134, 1067, 1006, 833, 698, 530, 386, 336, 306, 316, 345, 365, 350, 334]}, 'region_attributes': {'CLASS': 'R', 'type': 'R'}}];{};via_region_data (14).json;1;False;datasets\KBF\ANNOTATED_IMAGES\139.jpg
140.jpg;67245;[{'shape_attributes': {'name': 'polygon', 'all_points_x': [314, 347, 380, 419, 431, 416, 403, 386, 385, 398, 419, 445, 464, 474, 477, 385, 307, 255, 213, 178, 143, 125, 127, 156, 182, 241, 314], 'all_points_y': [360, 338, 316, 334, 371, 485, 645, 851, 957, 1026, 1090, 1156, 1183, 1211, 1244, 1163, 1023, 902, 788, 621, 499, 393, 340, 322, 348, 373, 360]}, 'region_attributes': {'CLASS': 'R', 'type': 'R'}}];{};via_region_data (14).json;1;False;datasets\KBF\ANNOTATED_IMAGES\140.jpg
141.jpg;61524;[{'shape_attributes': {'name': 'polygon', 'all_points_x': [403, 423, 437, 437, 408], 'all_points_y': [602, 603, 609, 623, 624]}, 'region_attributes': {'CLASS': 'G', 'type': 'G'}}, {'shape_attributes': {'name': 'polygon', 'all_points_x': [529, 544, 574, 583, 598, 598, 608, 604, 585, 571, 572, 573, 589, 589, 592, 584, 555, 518, 485, 461, 450, 445, 476, 506], 'all_points_y': [988, 974, 945, 977, 999, 1019, 1032, 1049, 1078, 1097, 1110, 1119, 1125, 1143, 1171, 1173, 1148, 1132, 1103, 1039, 987, 957, 941, 975]}, 'region_attributes': {'CLASS': 'G', 'type': 'G'}}];{};via_region_data (14).json;2;False;datasets\KBF\ANNOTATED_IMAGES\141.jpg
142.jpg;58700;[{'shape_attributes': {'name': 'polygon', 'all_points_x': [610, 623, 637, 625, 606, 599], 'all_points_y': [1058, 1079, 1101, 1108, 1104, 1081]}, 'region_attributes': {'CLASS': 'G', 'type': 'G'}}];{};via_region_data (14).json;1;False;datasets\KBF\ANNOTATED_IMAGES\142.jpg
143.jpg;61724;[{'shape_attributes': {'name': 'polygon', 'all_points_x': [537, 570, 602, 614, 609, 597, 579, 570, 573, 606, 643, 645, 579, 480, 431, 388, 358, 337, 344, 370, 407, 472, 499], 'all_points_y': [465, 443, 441, 468, 557, 696, 840, 937, 1061, 1182, 1277, 1307, 1267, 1109, 975, 763, 648, 526, 456, 444, 484, 493, 486]}, 'region_attributes': {'CLASS': 'R', 'type': 'R'}}];{};via_region_data (14).json;1;False;datasets\KBF\ANNOTATED_IMAGES\143.jpg
144.jpg;56425;[{'shape_attributes': {'name': 'polygon', 'all_points_x': [571, 591, 600, 588, 586, 589, 599, 592, 559, 518, 503, 527], 'all_points_y': [1030, 1055, 1076, 1143, 1175, 1198, 1228, 1244, 1225, 1165, 1077, 1055]}, 'region_attributes': {'CLASS': 'G', 'type': 'G'}}];{};via_region_data (14).json;1;False;datasets\KBF\ANNOTATED_IMAGES\144.jpg
145.jpg;65416;[{'shape_attributes': {'name': 'polygon', 'all_points_x': [515, 533, 538, 538, 522, 513], 'all_points_y': [1184, 1194, 1211, 1232, 1214, 1195]}, 'region_attributes': {'CLASS': 'G', 'type': 'G'}}];{};via_region_data (14).json;1;False;datasets\KBF\ANNOTATED_IMAGES\145.jpg
146.jpg;60663;[{'shape_attributes': {'name': 'polygon', 'all_points_x': [516, 536, 554, 558, 514, 481], 'all_points_y': [1159, 1139, 1175, 1217, 1199, 1168]}, 'region_attributes': {'CLASS': 'F', 'type': 'F'}}];{};via_region_data (14).json;1;False;datasets\KBF\ANNOTATED_IMAGES\146.jpg
147.jpg;63825;[{'shape_attributes': {'name': 'polygon', 'all_points_x': [320, 337, 347, 329], 'all_points_y': [658, 661, 673, 687]}, 'region_attributes': {'CLASS': 'G', 'type': 'G'}}];{};via_region_data (14).json;1;False;datasets\KBF\ANNOTATED_IMAGES\147.jpg
148.jpg;62589;[{'shape_attributes': {'name': 'polygon', 'all_points_x': [373, 395, 431, 475, 494, 506, 510, 508, 487, 472, 476, 478, 465, 429, 399, 393, 353, 354], 'all_points_y': [868, 872, 875, 882, 875, 886, 919, 945, 998, 1084, 1121, 1154, 1176, 1123, 1024, 961, 895, 871]}, 'region_attributes': {'CLASS': '', 'type': ''}}];{};via_region_data (14).json;1;False;datasets\KBF\ANNOTATED_IMAGES\148.jpg
149.jpg;64640;[{'shape_attributes': {'name': 'polygon', 'all_points_x': [348, 371, 385, 409, 419, 428, 440, 443, 438, 365, 326, 335], 'all_points_y': [406, 428, 452, 472, 508, 543, 585, 605, 626, 536, 424, 401]}, 'region_attributes': {'CLASS': 'G', 'type': 'G'}}, {'shape_attributes': {'name': 'polygon', 'all_points_x': [410, 429, 432, 421, 398], 'all_points_y': [1066, 1091, 1110, 1127, 1098]}, 'region_attributes': {'CLASS': 'G', 'type': 'G'}}, {'shape_attributes': {'name': 'polygon', 'all_points_x': [437, 445, 455, 453, 436, 432], 'all_points_y': [1192, 1206, 1213, 1224, 1216, 1201]}, 'region_attributes': {'CLASS': 'G', 'type': 'G'}}];{};via_region_data (14).json;3;False;datasets\KBF\ANNOTATED_IMAGES\149.jpg
150.jpg;63430;[{'shape_attributes': {'name': 'polygon', 'all_points_x': [503, 556, 562, 517], 'all_points_y': [1084, 1062, 1076, 1111]}, 'region_attributes': {'CLASS': 'F', 'type': 'F'}}, {'shape_attributes': {'name': 'polygon', 'all_points_x': [573, 597, 606, 585, 567], 'all_points_y': [1162, 1141, 1148, 1181, 1168]}, 'region_attributes': {'CLASS': 'F', 'type': 'F'}}, {'shape_attributes': {'name': 'polygon', 'all_points_x': [578, 597, 604, 590, 577], 'all_points_y': [1093, 1096, 1112, 1135, 1115]}, 'region_attributes': {'CLASS': 'G', 'type': 'G'}}];{};via_region_data (14).json;3;False;datasets\KBF\ANNOTATED_IMAGES\150.jpg
151.jpg;63244;[{'shape_attributes': {'name': 'polygon', 'all_points_x': [334, 355, 412, 456, 480, 464, 374, 338], 'all_points_y': [487, 488, 543, 569, 614, 621, 556, 525]}, 'region_attributes': {'CLASS': 'G', 'type': 'G'}}, {'shape_attributes': {'name': 'polygon', 'all_points_x': [490, 402, 385, 416, 447, 459, 480, 492, 491, 475, 504, 493, 483, 496], 'all_points_y': [966, 958, 986, 1081, 1127, 1155, 1180, 1141, 1123, 1121, 1095, 1069, 1024, 987]}, 'region_attributes': {'CLASS': 'G', 'type': 'G'}}];{};via_region_data (14).json;2;False;datasets\KBF\ANNOTATED_IMAGES\151.jpg
152.jpg;61205;[{'shape_attributes': {'name': 'polygon', 'all_points_x': [555, 569, 553, 580, 606, 612, 607, 582, 563, 577, 554], 'all_points_y': [1147, 1115, 1082, 1077, 1133, 1169, 1192, 1213, 1217, 1181, 1161]}, 'region_attributes': {'CLASS': '', 'type': ''}}];{};via_region_data (14).json;1;False;datasets\KBF\ANNOTATED_IMAGES\152.jpg
153.jpg;60781;[{'shape_attributes': {'name': 'polygon', 'all_points_x': [443, 468, 472, 493, 509, 513, 534, 540, 534, 509, 480, 450, 422, 431], 'all_points_y': [983, 986, 1039, 1031, 1036, 1056, 1070, 1098, 1132, 1114, 1085, 1092, 1084, 1043]}, 'region_attributes': {'CLASS': 'G', 'type': 'G'}}];{};via_region_data (14).json;1;False;datasets\KBF\ANNOTATED_IMAGES\153.jpg
154.jpg;66421;[{'shape_attributes': {'name': 'polygon', 'all_points_x': [424, 472, 519, 578, 576, 552, 525, 506, 499, 503, 522, 545, 542, 455, 383, 332, 310, 290, 287, 304, 328, 360, 397], 'all_points_y': [350, 331, 286, 300, 369, 516, 661, 777, 888, 963, 1063, 1150, 1187, 1089, 911, 685, 499, 384, 334, 306, 307, 344, 358]}, 'region_attributes': {'CLASS': 'R', 'type': 'R'}}];{};via_region_data (14).json;1;False;datasets\KBF\ANNOTATED_IMAGES\154.jpg
155.jpg;66040;[{'shape_attributes': {'name': 'polygon', 'all_points_x': [276, 295, 331, 346, 355, 367, 348, 356, 367, 336, 317, 278], 'all_points_y': [445, 429, 474, 479, 505, 523, 554, 595, 635, 680, 569, 469]}, 'region_attributes': {'CLASS': 'G', 'type': 'G'}}, {'shape_attributes': {'name': 'polygon', 'all_points_x': [455, 485, 499, 505, 488, 499, 501, 486, 454, 431, 441], 'all_points_y': [959, 957, 983, 1009, 1020, 1038, 1056, 1078, 1020, 999, 972]}, 'region_attributes': {'CLASS': 'F', 'type': 'F'}}];{};via_region_data (14).json;2;False;datasets\KBF\ANNOTATED_IMAGES\155.jpg
156.jpg;61190;[{'shape_attributes': {'name': 'polygon', 'all_points_x': [525, 563, 591, 576, 556, 543, 531, 530, 534, 512, 475, 463, 455, 428, 436, 461, 500], 'all_points_y': [904, 861, 904, 950, 1015, 1034, 1064, 1102, 1131, 1133, 1075, 1023, 979, 952, 912, 893, 901]}, 'region_attributes': {'CLASS': 'G', 'type': 'G'}}, {'shape_attributes': {'name': 'polygon', 'all_points_x': [353, 385, 395, 365], 'all_points_y': [523, 522, 548, 548]}, 'region_attributes': {'CLASS': 'G', 'type': 'G'}}, {'shape_attributes': {'name': 'polygon', 'all_points_x': [380, 405, 416, 409, 388], 'all_points_y': [577, 570, 595, 607, 607]}, 'region_attributes': {'CLASS': 'G', 'type': 'G'}}, {'shape_attributes': {'name': 'polygon', 'all_points_x': [323, 378, 402, 424, 435, 416, 367, 338], 'all_points_y': [423, 448, 474, 496, 513, 518, 481, 491]}, 'region_attributes': {'CLASS': 'G', 'type': 'G'}}];{};via_region_data (14).json;4;False;datasets\KBF\ANNOTATED_IMAGES\156.jpg
157.jpg;65851;[{'shape_attributes': {'name': 'polygon', 'all_points_x': [499, 507, 514, 521, 517, 500, 494], 'all_points_y': [940, 976, 1015, 1027, 1046, 1042, 966]}, 'region_attributes': {'CLASS': 'G', 'type': 'G'}}];{};via_region_data (14).json;1;False;datasets\KBF\ANNOTATED_IMAGES\157.jpg
158.jpg;61766;[{'shape_attributes': {'name': 'polygon', 'all_points_x': [317, 338, 348, 402, 436, 447, 368, 371, 396, 401, 388, 420, 413, 385, 339, 314], 'all_points_y': [437, 440, 455, 482, 532, 560, 520, 538, 568, 585, 608, 621, 662, 672, 533, 463]}, 'region_attributes': {'CLASS': 'G', 'type': 'G'}}, {'shape_attributes': {'name': 'polygon', 'all_points_x': [519, 547, 575, 591, 593, 585, 569, 527, 497], 'all_points_y': [1103, 1105, 1131, 1174, 1198, 1233, 1212, 1174, 1137]}, 'region_attributes': {'CLASS': 'G', 'type': 'G'}}];{};via_region_data (14).json;2;False;datasets\KBF\ANNOTATED_IMAGES\158.jpg
159.jpg;61986;[{'shape_attributes': {'name': 'polygon', 'all_points_x': [405, 440, 473, 501, 501, 448, 407], 'all_points_y': [1049, 1033, 1023, 1018, 1044, 1055, 1075]}, 'region_attributes': {'CLASS': 'F', 'type': 'F'}}, {'shape_attributes': {'name': 'polygon', 'all_points_x': [518, 527, 555, 570, 581, 590, 551, 527, 492, 460, 501, 504], 'all_points_y': [1082, 1113, 1151, 1191, 1223, 1261, 1231, 1205, 1192, 1148, 1107, 1078]}, 'region_attributes': {'CLASS': 'G', 'type': 'G'}}];{};via_region_data (14).json;2;False;datasets\KBF\ANNOTATED_IMAGES\159.jpg
160.jpg;73599;[{'shape_attributes': {'name': 'polygon', 'all_points_x': [447, 478, 496, 474, 433, 439], 'all_points_y': [1118, 1131, 1142, 1162, 1174, 1135]}, 'region_attributes': {'CLASS': 'G', 'type': 'G'}}];{};via_region_data (14).json;1;False;datasets\KBF\ANNOTATED_IMAGES\160.jpg
161.jpg;70861;[{'shape_attributes': {'name': 'polygon', 'all_points_x': [237, 260, 269, 246], 'all_points_y': [573, 585, 608, 638]}, 'region_attributes': {'CLASS': 'G', 'type': 'G'}}, {'shape_attributes': {'name': 'polygon', 'all_points_x': [437, 446, 452, 455, 451, 470, 470, 463, 448, 419, 383, 346, 408, 426], 'all_points_y': [1040, 1059, 1092, 1113, 1124, 1133, 1155, 1179, 1171, 1152, 1113, 1057, 1055, 1039]}, 'region_attributes': {'CLASS': 'G', 'type': 'G'}}];{};via_region_data (14).json;2;False;datasets\KBF\ANNOTATED_IMAGES\161.jpg
162.jpg;57005;[{'shape_attributes': {'name': 'polygon', 'all_points_x': [383, 413, 420, 389], 'all_points_y': [399, 401, 435, 430]}, 'region_attributes': {'CLASS': 'G', 'type': 'G'}}, {'shape_attributes': {'name': 'polygon', 'all_points_x': [397, 468, 476, 499, 473, 436, 397], 'all_points_y': [571, 610, 705, 770, 776, 663, 599]}, 'region_attributes': {'CLASS': 'G', 'type': 'G'}}, {'shape_attributes': {'name': 'polygon', 'all_points_x': [622, 645, 668, 701, 721, 691, 606, 588, 603], 'all_points_y': [1071, 1125, 1161, 1173, 1216, 1207, 1190, 1171, 1053]}, 'region_attributes': {'CLASS': 'G', 'type': 'G'}}];{};via_region_data (14).json;3;False;datasets\KBF\ANNOTATED_IMAGES\162.jpg
163.jpg;64022;[{'shape_attributes': {'name': 'polygon', 'all_points_x': [325, 369, 394, 386, 350, 332], 'all_points_y': [596, 596, 623, 638, 617, 623]}, 'region_attributes': {'CLASS': 'G', 'type': 'G'}}, {'shape_attributes': {'name': 'polygon', 'all_points_x': [425, 441, 493, 529, 536, 541, 533, 523, 529, 546, 552, 530, 456, 442, 451, 420], 'all_points_y': [1040, 1031, 1066, 1056, 1075, 1116, 1162, 1174, 1223, 1241, 1281, 1273, 1184, 1134, 1098, 1058]}, 'region_attributes': {'CLASS': 'G', 'type': 'G'}}];{};via_region_data (14).json;2;False;datasets\KBF\ANNOTATED_IMAGES\163.jpg
164.jpg;72396;[{'shape_attributes': {'name': 'polygon', 'all_points_x': [512, 546, 558, 555, 562, 567, 567, 464, 471, 498], 'all_points_y': [1124, 1135, 1153, 1176, 1206, 1229, 1252, 1194, 1164, 1147]}, 'region_attributes': {'CLASS': 'F', 'type': 'F'}}];{};via_region_data (14).json;1;False;datasets\KBF\ANNOTATED_IMAGES\164.jpg
165.jpg;59970;[{'shape_attributes': {'name': 'polygon', 'all_points_x': [531, 554, 608, 595, 568, 547, 532, 531, 535, 550, 570, 591, 580, 500, 426, 390, 353, 306, 286, 289, 327, 346, 368, 427, 490], 'all_points_y': [323, 304, 330, 410, 514, 620, 771, 861, 927, 1034, 1121, 1180, 1181, 1095, 938, 817, 680, 492, 374, 320, 307, 340, 356, 364, 347]}, 'region_attributes': {'CLASS': 'R', 'type': 'R'}}];{};via_region_data (14).json;1;False;datasets\KBF\ANNOTATED_IMAGES\165.jpg
166.jpg;66856;[{'shape_attributes': {'name': 'polygon', 'all_points_x': [291, 328, 340, 287, 280], 'all_points_y': [587, 603, 623, 623, 590]}, 'region_attributes': {'CLASS': 'G', 'type': 'G'}}, {'shape_attributes': {'name': 'polygon', 'all_points_x': [498, 536, 545, 541, 561, 562, 588, 588, 479, 435, 433, 481, 482], 'all_points_y': [1042, 1064, 1093, 1107, 1116, 1137, 1170, 1190, 1138, 1160, 1140, 1091, 1045]}, 'region_attributes': {'CLASS': 'G', 'type': 'G'}}];{};via_region_data (14).json;2;False;datasets\KBF\ANNOTATED_IMAGES\166.jpg
167.jpg;71601;[{'shape_attributes': {'name': 'polygon', 'all_points_x': [421, 443, 446, 440, 417, 411, 424], 'all_points_y': [1223, 1221, 1233, 1245, 1248, 1246, 1235]}, 'region_attributes': {'CLASS': 'G', 'type': 'G'}}, {'shape_attributes': {'name': 'polygon', 'all_points_x': [373, 391, 399, 394, 378], 'all_points_y': [985, 967, 993, 1024, 1009]}, 'region_attributes': {'CLASS': 'G', 'type': 'G'}}];{};via_region_data (14).json;2;False;datasets\KBF\ANNOTATED_IMAGES\167.jpg
168.jpg;50668;[{'shape_attributes': {'name': 'polygon', 'all_points_x': [330, 341, 360, 350], 'all_points_y': [219, 212, 214, 236]}, 'region_attributes': {'CLASS': 'F', 'type': 'F'}}, {'shape_attributes': {'name': 'polygon', 'all_points_x': [343, 388, 382, 345], 'all_points_y': [457, 483, 497, 491]}, 'region_attributes': {'CLASS': 'G', 'type': 'G'}}, {'shape_attributes': {'name': 'polygon', 'all_points_x': [508, 542, 563, 567, 565, 573, 590, 590, 600, 581, 541, 472, 456], 'all_points_y': [867, 831, 864, 902, 979, 1026, 1046, 1073, 1106, 1119, 1062, 950, 891]}, 'region_attributes': {'CLASS': 'G', 'type': 'G'}}];{};via_region_data (14).json;3;False;datasets\KBF\ANNOTATED_IMAGES\168.jpg
169.jpg;70285;[{'shape_attributes': {'name': 'polygon', 'all_points_x': [440, 447, 460, 460, 434, 419], 'all_points_y': [1055, 1077, 1104, 1151, 1138, 1071]}, 'region_attributes': {'CLASS': 'G', 'type': 'G'}}];{};via_region_data (14).json;1;False;datasets\KBF\ANNOTATED_IMAGES\169.jpg
170.jpg;65022;[{'shape_attributes': {'name': 'polygon', 'all_points_x': [501, 518, 521, 505, 491, 492], 'all_points_y': [981, 1013, 1044, 1093, 1063, 1007]}, 'region_attributes': {'CLASS': 'G', 'type': 'G'}}];{};via_region_data (14).json;1;False;datasets\KBF\ANNOTATED_IMAGES\170.jpg
171.jpg;61274;[{'shape_attributes': {'name': 'polygon', 'all_points_x': [363, 395, 432, 440, 383, 364, 361], 'all_points_y': [470, 478, 502, 522, 504, 493, 480]}, 'region_attributes': {'CLASS': 'F', 'type': 'F'}}, {'shape_attributes': {'name': 'polygon', 'all_points_x': [633, 648, 662, 671, 670, 631], 'all_points_y': [1114, 1108, 1133, 1158, 1173, 1140]}, 'region_attributes': {'CLASS': 'G', 'type': 'G'}}];{};via_region_data (14).json;2;False;datasets\KBF\ANNOTATED_IMAGES\171.jpg
172.jpg;57455;[{'shape_attributes': {'name': 'polygon', 'all_points_x': [559, 571, 571, 594, 610, 630, 633, 586, 552, 544], 'all_points_y': [1113, 1137, 1158, 1167, 1201, 1216, 1242, 1227, 1204, 1155]}, 'region_attributes': {'CLASS': 'G', 'type': 'G'}}];{};via_region_data (14).json;1;False;datasets\KBF\ANNOTATED_IMAGES\172.jpg
173.jpg;61967;[{'shape_attributes': {'name': 'polygon', 'all_points_x': [353, 401, 405, 357], 'all_points_y': [608, 617, 639, 633]}, 'region_attributes': {'CLASS': 'F', 'type': 'F'}}, {'shape_attributes': {'name': 'polygon', 'all_points_x': [556, 559, 570, 563, 536, 534, 556, 548, 506, 459, 464, 445, 462, 491, 521, 546], 'all_points_y': [1012, 1040, 1059, 1086, 1125, 1159, 1190, 1190, 1159, 1103, 1043, 1004, 970, 1020, 1025, 1004]}, 'region_attributes': {'CLASS': 'G', 'type': 'G'}}];{};via_region_data (14).json;2;False;datasets\KBF\ANNOTATED_IMAGES\173.jpg
174.jpg;59321;[{'shape_attributes': {'name': 'polygon', 'all_points_x': [510, 542, 575, 604, 627, 632, 613, 594, 613, 637, 636, 613, 585, 516, 513, 507], 'all_points_y': [1052, 1046, 1045, 1010, 1013, 1044, 1115, 1208, 1229, 1259, 1284, 1273, 1266, 1218, 1155, 1093]}, 'region_attributes': {'CLASS': 'G', 'type': 'G'}}, {'shape_attributes': {'name': 'polygon', 'all_points_x': [410, 432, 434, 417], 'all_points_y': [742, 738, 780, 779]}, 'region_attributes': {'CLASS': 'G', 'type': 'G'}}];{};via_region_data (14).json;2;False;datasets\KBF\ANNOTATED_IMAGES\174.jpg
175.jpg;58548;[{'shape_attributes': {'name': 'polygon', 'all_points_x': [543, 581, 584, 594, 587, 575, 552, 544, 503, 530], 'all_points_y': [1011, 1051, 1073, 1091, 1124, 1153, 1153, 1107, 1074, 1052]}, 'region_attributes': {'CLASS': 'G', 'type': 'G'}}, {'shape_attributes': {'name': 'polygon', 'all_points_x': [346, 378, 373, 389, 367, 358], 'all_points_y': [499, 515, 547, 560, 631, 573]}, 'region_attributes': {'CLASS': 'G', 'type': 'G'}}];{};via_region_data (14).json;2;False;datasets\KBF\ANNOTATED_IMAGES\175.jpg
176.jpg;66072;[{'shape_attributes': {'name': 'polygon', 'all_points_x': [485, 513, 520, 531, 531, 493, 473], 'all_points_y': [1099, 1114, 1133, 1145, 1175, 1159, 1139]}, 'region_attributes': {'CLASS': 'G', 'type': 'G'}}, {'shape_attributes': {'name': 'polygon', 'all_points_x': [238, 252, 261, 255, 234], 'all_points_y': [354, 351, 357, 375, 363]}, 'region_attributes': {'CLASS': 'F', 'type': 'F'}}];{};via_region_data (14).json;2;False;datasets\KBF\ANNOTATED_IMAGES\176.jpg
177.jpg;66410;[{'shape_attributes': {'name': 'polygon', 'all_points_x': [498, 517, 521, 521, 535, 532, 515, 480], 'all_points_y': [997, 1027, 1056, 1081, 1131, 1143, 1140, 1029]}, 'region_attributes': {'CLASS': 'G', 'type': 'G'}}];{};via_region_data (14).json;1;False;datasets\KBF\ANNOTATED_IMAGES\177.jpg
